2026-07-03 17:58:18,994 [INFO] Found 1380 config files
2026-07-03 17:58:18,997 [INFO] [1/1380] Processing config_10_10_0.pkl (i=10, t=10, n=0)
2026-07-03 17:58:19,201 [INFO]   -> NOT converged, iters=12, LB=-2.4651, UB=-2.4605, d_norms=11
2026-07-03 17:58:19,202 [INFO] [2/1380] Processing config_10_10_1.pkl (i=10, t=10, n=1)
2026-07-03 17:58:19,381 [INFO]   -> NOT converged, iters=14, LB=-2.4797, UB=-2.4739, d_norms=13
2026-07-03 17:58:19,381 [INFO] [3/1380] Processing config_10_10_2.pkl (i=10, t=10, n=2)
2026-07-03 17:58:19,501 [INFO]   -> NOT converged, iters=7, LB=-2.4407, UB=-2.4407, d_norms=6
2026-07-03 17:58:19,503 [INFO] [4/1380] Processing config_10_10_3.pkl (i=10, t=10, n=3)
2026-07-03 17:58:19,664 [INFO]   -> NOT converged, iters=13, LB=-2.4776, UB=-2.4704, d_norms=12
2026-07-03 17:58:19,666 [INFO] [5/1380] Processing config_10_10_4.pkl (i=10, t=10, n=4)
2026-07-03 17:58:19,844 [INFO]   -> NOT converged, iters=14, LB=-2.4800, UB=-2.4736, d_norms=13
2026-07-03 17:58:19,846 [INFO] [6/1380] Processing config_10_10_5.pkl (i=10, t=10, n=5)
2026-07-03 17:58:20,022 [INFO]   -> NOT converged, iters=14, LB=-2.4591, UB=-2.4543, d_norms=13
2026-07-03 17:58:20,024 [INFO] [7/1380] Processing config_10_11_0.pkl (i=10, t=11, n=0)
2026-07-03 17:58:20,191 [INFO]   -> NOT converged, iters=13, LB=-2.2763, UB=-2.2681, d_norms=12
2026-07-03 17:58:20,192 [INFO] [8/1380] Processing config_10_11_1.pkl (i=10, t=11, n=1)
2026-07-03 17:58:20,333 [INFO]   -> NOT converged, iters=10, LB=-2.2990, UB=-2.2990, d_norms=9
2026-07-03 17:58:20,334 [INFO] [9/1380] Processing config_10_11_2.pkl (i=10, t=11, n=2)
2026-07-03 17:58:20,482 [INFO]   -> NOT converged, iters=12, LB=-2.3191, UB=-2.3111, d_norms=11
2026-07-03 17:58:20,484 [INFO] [10/1380] Processing config_10_11_3.pkl (i=10, t=11, n=3)
2026-07-03 17:58:20,635 [INFO]   -> NOT converged, iters=14, LB=-2.3351, UB=-2.3265, d_norms=13
2026-07-03 17:58:20,636 [INFO] [11/1380] Processing config_10_11_4.pkl (i=10, t=11, n=4)
2026-07-03 17:58:20,822 [INFO]   -> NOT converged, iters=16, LB=-2.2816, UB=-2.2749, d_norms=15
2026-07-03 17:58:20,823 [INFO] [12/1380] Processing config_10_11_5.pkl (i=10, t=11, n=5)
2026-07-03 17:58:20,961 [INFO]   -> NOT converged, iters=10, LB=-2.2986, UB=-2.2986, d_norms=9
2026-07-03 17:58:20,963 [INFO] [13/1380] Processing config_10_12_0.pkl (i=10, t=12, n=0)
2026-07-03 17:58:21,143 [INFO]   -> NOT converged, iters=16, LB=-2.1411, UB=-2.1345, d_norms=15
2026-07-03 17:58:21,145 [INFO] [14/1380] Processing config_10_12_1.pkl (i=10, t=12, n=1)
2026-07-03 17:58:21,270 [INFO]   -> NOT converged, iters=10, LB=-2.1521, UB=-2.1474, d_norms=9
2026-07-03 17:58:21,272 [INFO] [15/1380] Processing config_10_12_2.pkl (i=10, t=12, n=2)
2026-07-03 17:58:21,418 [INFO]   -> NOT converged, iters=12, LB=-2.1207, UB=-2.1191, d_norms=11
2026-07-03 17:58:21,419 [INFO] [16/1380] Processing config_10_12_3.pkl (i=10, t=12, n=3)
2026-07-03 17:58:21,591 [INFO]   -> NOT converged, iters=14, LB=-2.1275, UB=-2.1265, d_norms=13
2026-07-03 17:58:21,592 [INFO] [17/1380] Processing config_10_12_4.pkl (i=10, t=12, n=4)
2026-07-03 17:58:21,727 [INFO]   -> NOT converged, iters=12, LB=-2.1761, UB=-2.1702, d_norms=11
2026-07-03 17:58:21,729 [INFO] [18/1380] Processing config_10_12_5.pkl (i=10, t=12, n=5)
2026-07-03 17:58:21,898 [INFO]   -> NOT converged, iters=15, LB=-2.0978, UB=-2.0961, d_norms=14
2026-07-03 17:58:21,899 [INFO] [19/1380] Processing config_10_13_0.pkl (i=10, t=13, n=0)
2026-07-03 17:58:22,067 [INFO]   -> NOT converged, iters=15, LB=-1.9388, UB=-1.9295, d_norms=14
2026-07-03 17:58:22,068 [INFO] [20/1380] Processing config_10_13_1.pkl (i=10, t=13, n=1)
2026-07-03 17:58:22,238 [INFO]   -> NOT converged, iters=16, LB=-1.9281, UB=-1.9206, d_norms=15
2026-07-03 17:58:22,240 [INFO] [21/1380] Processing config_10_13_2.pkl (i=10, t=13, n=2)
2026-07-03 17:58:22,397 [INFO]   -> NOT converged, iters=14, LB=-1.9207, UB=-1.9161, d_norms=13
2026-07-03 17:58:22,398 [INFO] [22/1380] Processing config_10_13_3.pkl (i=10, t=13, n=3)
2026-07-03 17:58:22,559 [INFO]   -> NOT converged, iters=13, LB=-1.9821, UB=-1.9735, d_norms=12
2026-07-03 17:58:22,561 [INFO] [23/1380] Processing config_10_13_4.pkl (i=10, t=13, n=4)
2026-07-03 17:58:22,769 [INFO]   -> NOT converged, iters=19, LB=-1.9520, UB=-1.9442, d_norms=18
2026-07-03 17:58:22,771 [INFO] [24/1380] Processing config_10_13_5.pkl (i=10, t=13, n=5)
2026-07-03 17:58:22,930 [INFO]   -> NOT converged, iters=13, LB=-1.9414, UB=-1.9352, d_norms=12
2026-07-03 17:58:22,931 [INFO] [25/1380] Processing config_10_14_0.pkl (i=10, t=14, n=0)
2026-07-03 17:58:23,134 [INFO]   -> NOT converged, iters=18, LB=-1.7683, UB=-1.7660, d_norms=17
2026-07-03 17:58:23,135 [INFO] [26/1380] Processing config_10_14_1.pkl (i=10, t=14, n=1)
2026-07-03 17:58:23,313 [INFO]   -> NOT converged, iters=16, LB=-1.7392, UB=-1.7377, d_norms=15
2026-07-03 17:58:23,314 [INFO] [27/1380] Processing config_10_14_2.pkl (i=10, t=14, n=2)
2026-07-03 17:58:23,518 [INFO]   -> NOT converged, iters=19, LB=-1.7622, UB=-1.7549, d_norms=18
2026-07-03 17:58:23,519 [INFO] [28/1380] Processing config_10_14_3.pkl (i=10, t=14, n=3)
2026-07-03 17:58:23,672 [INFO]   -> NOT converged, iters=14, LB=-1.7457, UB=-1.7436, d_norms=13
2026-07-03 17:58:23,673 [INFO] [29/1380] Processing config_10_14_4.pkl (i=10, t=14, n=4)
2026-07-03 17:58:23,845 [INFO]   -> NOT converged, iters=15, LB=-1.7536, UB=-1.7499, d_norms=14
2026-07-03 17:58:23,847 [INFO] [30/1380] Processing config_10_14_5.pkl (i=10, t=14, n=5)
2026-07-03 17:58:24,002 [INFO]   -> NOT converged, iters=15, LB=-1.7438, UB=-1.7361, d_norms=14
2026-07-03 17:58:24,003 [INFO] [31/1380] Processing config_10_15_0.pkl (i=10, t=15, n=0)
2026-07-03 17:58:24,177 [INFO]   -> NOT converged, iters=17, LB=-1.5489, UB=-1.5476, d_norms=16
2026-07-03 17:58:24,178 [INFO] [32/1380] Processing config_10_15_1.pkl (i=10, t=15, n=1)
2026-07-03 17:58:24,335 [INFO]   -> NOT converged, iters=16, LB=-1.5470, UB=-1.5411, d_norms=15
2026-07-03 17:58:24,336 [INFO] [33/1380] Processing config_10_15_2.pkl (i=10, t=15, n=2)
2026-07-03 17:58:24,495 [INFO]   -> NOT converged, iters=13, LB=-1.5735, UB=-1.5691, d_norms=12
2026-07-03 17:58:24,496 [INFO] [34/1380] Processing config_10_15_3.pkl (i=10, t=15, n=3)
2026-07-03 17:58:24,654 [INFO]   -> NOT converged, iters=13, LB=-1.6116, UB=-1.6043, d_norms=12
2026-07-03 17:58:24,655 [INFO] [35/1380] Processing config_10_15_4.pkl (i=10, t=15, n=4)
2026-07-03 17:58:24,793 [INFO]   -> NOT converged, iters=12, LB=-1.5773, UB=-1.5773, d_norms=11
2026-07-03 17:58:24,794 [INFO] [36/1380] Processing config_10_15_5.pkl (i=10, t=15, n=5)
2026-07-03 17:58:24,967 [INFO]   -> NOT converged, iters=17, LB=-1.5496, UB=-1.5485, d_norms=16
2026-07-03 17:58:24,968 [INFO] [37/1380] Processing config_10_16_0.pkl (i=10, t=16, n=0)
2026-07-03 17:58:25,131 [INFO]   -> NOT converged, iters=14, LB=-1.3913, UB=-1.3878, d_norms=13
2026-07-03 17:58:25,133 [INFO] [38/1380] Processing config_10_16_1.pkl (i=10, t=16, n=1)
2026-07-03 17:58:25,293 [INFO]   -> NOT converged, iters=16, LB=-1.3777, UB=-1.3752, d_norms=15
2026-07-03 17:58:25,293 [INFO] [39/1380] Processing config_10_16_2.pkl (i=10, t=16, n=2)
2026-07-03 17:58:25,433 [INFO]   -> NOT converged, iters=12, LB=-1.3847, UB=-1.3787, d_norms=11
2026-07-03 17:58:25,435 [INFO] [40/1380] Processing config_10_16_3.pkl (i=10, t=16, n=3)
2026-07-03 17:58:25,602 [INFO]   -> NOT converged, iters=14, LB=-1.4046, UB=-1.3978, d_norms=13
2026-07-03 17:58:25,603 [INFO] [41/1380] Processing config_10_16_4.pkl (i=10, t=16, n=4)
2026-07-03 17:58:25,749 [INFO]   -> NOT converged, iters=13, LB=-1.3813, UB=-1.3752, d_norms=12
2026-07-03 17:58:25,750 [INFO] [42/1380] Processing config_10_16_5.pkl (i=10, t=16, n=5)
2026-07-03 17:58:25,920 [INFO]   -> NOT converged, iters=14, LB=-1.4042, UB=-1.3973, d_norms=13
2026-07-03 17:58:25,921 [INFO] [43/1380] Processing config_10_17_0.pkl (i=10, t=17, n=0)
2026-07-03 17:58:26,082 [INFO]   -> NOT converged, iters=13, LB=-1.2226, UB=-1.2180, d_norms=12
2026-07-03 17:58:26,084 [INFO] [44/1380] Processing config_10_17_1.pkl (i=10, t=17, n=1)
2026-07-03 17:58:26,207 [INFO]   -> NOT converged, iters=9, LB=-1.2050, UB=-1.2050, d_norms=8
2026-07-03 17:58:26,209 [INFO] [45/1380] Processing config_10_17_2.pkl (i=10, t=17, n=2)
2026-07-03 17:58:26,336 [INFO]   -> NOT converged, iters=10, LB=-1.2200, UB=-1.2200, d_norms=9
2026-07-03 17:58:26,339 [INFO] [46/1380] Processing config_10_17_3.pkl (i=10, t=17, n=3)
2026-07-03 17:58:26,522 [INFO]   -> NOT converged, iters=17, LB=-1.1838, UB=-1.1822, d_norms=16
2026-07-03 17:58:26,524 [INFO] [47/1380] Processing config_10_17_4.pkl (i=10, t=17, n=4)
2026-07-03 17:58:26,694 [INFO]   -> NOT converged, iters=16, LB=-1.1826, UB=-1.1810, d_norms=15
2026-07-03 17:58:26,696 [INFO] [48/1380] Processing config_10_17_5.pkl (i=10, t=17, n=5)
2026-07-03 17:58:26,821 [INFO]   -> NOT converged, iters=9, LB=-1.2142, UB=-1.2142, d_norms=8
2026-07-03 17:58:26,822 [INFO] [49/1380] Processing config_10_18_0.pkl (i=10, t=18, n=0)
2026-07-03 17:58:26,993 [INFO]   -> NOT converged, iters=15, LB=-1.0497, UB=-1.0459, d_norms=14
2026-07-03 17:58:26,993 [INFO] [50/1380] Processing config_10_18_1.pkl (i=10, t=18, n=1)
2026-07-03 17:58:27,156 [INFO]   -> NOT converged, iters=15, LB=-1.0555, UB=-1.0525, d_norms=14
2026-07-03 17:58:27,156 [INFO] [51/1380] Processing config_10_18_2.pkl (i=10, t=18, n=2)
2026-07-03 17:58:27,288 [INFO]   -> NOT converged, iters=12, LB=-1.0707, UB=-1.0667, d_norms=11
2026-07-03 17:58:27,289 [INFO] [52/1380] Processing config_10_18_3.pkl (i=10, t=18, n=3)
2026-07-03 17:58:27,422 [INFO]   -> NOT converged, iters=12, LB=-1.0606, UB=-1.0579, d_norms=11
2026-07-03 17:58:27,423 [INFO] [53/1380] Processing config_10_18_4.pkl (i=10, t=18, n=4)
2026-07-03 17:58:27,605 [INFO]   -> NOT converged, iters=17, LB=-1.0334, UB=-1.0333, d_norms=16
2026-07-03 17:58:27,606 [INFO] [54/1380] Processing config_10_18_5.pkl (i=10, t=18, n=5)
2026-07-03 17:58:27,785 [INFO]   -> NOT converged, iters=16, LB=-1.0468, UB=-1.0454, d_norms=15
2026-07-03 17:58:27,786 [INFO] [55/1380] Processing config_10_19_0.pkl (i=10, t=19, n=0)
2026-07-03 17:58:27,984 [INFO]   -> NOT converged, iters=20, LB=-0.8787, UB=-0.8760, d_norms=19
2026-07-03 17:58:27,985 [INFO] [56/1380] Processing config_10_19_1.pkl (i=10, t=19, n=1)
2026-07-03 17:58:28,174 [INFO]   -> NOT converged, iters=20, LB=-0.8712, UB=-0.8698, d_norms=19
2026-07-03 17:58:28,175 [INFO] [57/1380] Processing config_10_19_2.pkl (i=10, t=19, n=2)
2026-07-03 17:58:28,339 [INFO]   -> NOT converged, iters=16, LB=-0.8622, UB=-0.8598, d_norms=15
2026-07-03 17:58:28,342 [INFO] [58/1380] Processing config_10_19_3.pkl (i=10, t=19, n=3)
2026-07-03 17:58:28,519 [INFO]   -> NOT converged, iters=15, LB=-0.8519, UB=-0.8490, d_norms=14
2026-07-03 17:58:28,520 [INFO] [59/1380] Processing config_10_19_4.pkl (i=10, t=19, n=4)
2026-07-03 17:58:28,687 [INFO]   -> NOT converged, iters=16, LB=-0.8685, UB=-0.8656, d_norms=15
2026-07-03 17:58:28,688 [INFO] [60/1380] Processing config_10_19_5.pkl (i=10, t=19, n=5)
2026-07-03 17:58:28,876 [INFO]   -> NOT converged, iters=19, LB=-0.8606, UB=-0.8574, d_norms=18
2026-07-03 17:58:28,888 [INFO] [61/1380] Processing config_10_1_0.pkl (i=10, t=1, n=0)
2026-07-03 17:58:29,093 [INFO]   -> NOT converged, iters=20, LB=-4.1027, UB=-4.0936, d_norms=19
2026-07-03 17:58:29,094 [INFO] [62/1380] Processing config_10_1_1.pkl (i=10, t=1, n=1)
2026-07-03 17:58:29,306 [INFO]   -> NOT converged, iters=21, LB=-4.1004, UB=-4.0892, d_norms=20
2026-07-03 17:58:29,308 [INFO] [63/1380] Processing config_10_1_2.pkl (i=10, t=1, n=2)
2026-07-03 17:58:29,502 [INFO]   -> NOT converged, iters=18, LB=-4.0684, UB=-4.0539, d_norms=17
2026-07-03 17:58:29,504 [INFO] [64/1380] Processing config_10_1_3.pkl (i=10, t=1, n=3)
2026-07-03 17:58:29,701 [INFO]   -> NOT converged, iters=20, LB=-4.0263, UB=-4.0121, d_norms=19
2026-07-03 17:58:29,702 [INFO] [65/1380] Processing config_10_1_4.pkl (i=10, t=1, n=4)
2026-07-03 17:58:29,898 [INFO]   -> NOT converged, iters=19, LB=-4.0466, UB=-4.0345, d_norms=18
2026-07-03 17:58:29,898 [INFO] [66/1380] Processing config_10_1_5.pkl (i=10, t=1, n=5)
2026-07-03 17:58:30,076 [INFO]   -> NOT converged, iters=16, LB=-4.0607, UB=-4.0413, d_norms=15
2026-07-03 17:58:30,077 [INFO] [67/1380] Processing config_10_20_0.pkl (i=10, t=20, n=0)
2026-07-03 17:58:30,240 [INFO]   -> NOT converged, iters=15, LB=-0.6840, UB=-0.6830, d_norms=14
2026-07-03 17:58:30,240 [INFO] [68/1380] Processing config_10_20_1.pkl (i=10, t=20, n=1)
2026-07-03 17:58:30,390 [INFO]   -> NOT converged, iters=13, LB=-0.6791, UB=-0.6767, d_norms=12
2026-07-03 17:58:30,391 [INFO] [69/1380] Processing config_10_20_2.pkl (i=10, t=20, n=2)
2026-07-03 17:58:30,580 [INFO]   -> NOT converged, iters=17, LB=-0.7069, UB=-0.7041, d_norms=16
2026-07-03 17:58:30,582 [INFO] [70/1380] Processing config_10_20_3.pkl (i=10, t=20, n=3)
2026-07-03 17:58:30,764 [INFO]   -> NOT converged, iters=15, LB=-0.7117, UB=-0.7095, d_norms=14
2026-07-03 17:58:30,766 [INFO] [71/1380] Processing config_10_20_4.pkl (i=10, t=20, n=4)
2026-07-03 17:58:30,944 [INFO]   -> NOT converged, iters=17, LB=-0.6453, UB=-0.6423, d_norms=16
2026-07-03 17:58:30,945 [INFO] [72/1380] Processing config_10_20_5.pkl (i=10, t=20, n=5)
2026-07-03 17:58:31,106 [INFO]   -> NOT converged, iters=14, LB=-0.6815, UB=-0.6803, d_norms=13
2026-07-03 17:58:31,108 [INFO] [73/1380] Processing config_10_21_0.pkl (i=10, t=21, n=0)
2026-07-03 17:58:31,331 [INFO]   -> NOT converged, iters=23, LB=-0.4939, UB=-0.4937, d_norms=22
2026-07-03 17:58:31,332 [INFO] [74/1380] Processing config_10_21_1.pkl (i=10, t=21, n=1)
2026-07-03 17:58:31,500 [INFO]   -> NOT converged, iters=17, LB=-0.4685, UB=-0.4668, d_norms=16
2026-07-03 17:58:31,502 [INFO] [75/1380] Processing config_10_21_2.pkl (i=10, t=21, n=2)
2026-07-03 17:58:31,698 [INFO]   -> NOT converged, iters=19, LB=-0.4832, UB=-0.4814, d_norms=18
2026-07-03 17:58:31,699 [INFO] [76/1380] Processing config_10_21_3.pkl (i=10, t=21, n=3)
2026-07-03 17:58:31,858 [INFO]   -> NOT converged, iters=16, LB=-0.5516, UB=-0.5493, d_norms=15
2026-07-03 17:58:31,859 [INFO] [77/1380] Processing config_10_21_4.pkl (i=10, t=21, n=4)
2026-07-03 17:58:32,035 [INFO]   -> NOT converged, iters=17, LB=-0.4654, UB=-0.4641, d_norms=16
2026-07-03 17:58:32,036 [INFO] [78/1380] Processing config_10_21_5.pkl (i=10, t=21, n=5)
2026-07-03 17:58:32,186 [INFO]   -> NOT converged, iters=14, LB=-0.5226, UB=-0.5202, d_norms=13
2026-07-03 17:58:32,187 [INFO] [79/1380] Processing config_10_22_0.pkl (i=10, t=22, n=0)
2026-07-03 17:58:32,351 [INFO]   -> NOT converged, iters=16, LB=-0.2243, UB=-0.2234, d_norms=15
2026-07-03 17:58:32,353 [INFO] [80/1380] Processing config_10_22_1.pkl (i=10, t=22, n=1)
2026-07-03 17:58:32,533 [INFO]   -> NOT converged, iters=16, LB=-0.2687, UB=-0.2680, d_norms=15
2026-07-03 17:58:32,534 [INFO] [81/1380] Processing config_10_22_2.pkl (i=10, t=22, n=2)
2026-07-03 17:58:32,715 [INFO]   -> NOT converged, iters=18, LB=-0.2509, UB=-0.2504, d_norms=17
2026-07-03 17:58:32,716 [INFO] [82/1380] Processing config_10_22_3.pkl (i=10, t=22, n=3)
2026-07-03 17:58:32,883 [INFO]   -> NOT converged, iters=17, LB=-0.2143, UB=-0.2140, d_norms=16
2026-07-03 17:58:32,885 [INFO] [83/1380] Processing config_10_22_4.pkl (i=10, t=22, n=4)
2026-07-03 17:58:33,061 [INFO]   -> NOT converged, iters=17, LB=-0.2261, UB=-0.2250, d_norms=16
2026-07-03 17:58:33,063 [INFO] [84/1380] Processing config_10_22_5.pkl (i=10, t=22, n=5)
2026-07-03 17:58:33,239 [INFO]   -> NOT converged, iters=17, LB=-0.2775, UB=-0.2763, d_norms=16
2026-07-03 17:58:33,240 [INFO] [85/1380] Processing config_10_23_0.pkl (i=10, t=23, n=0)
2026-07-03 17:58:33,363 [INFO]   -> NOT converged, iters=21, LB=-0.0047, UB=-0.0047, d_norms=20
2026-07-03 17:58:33,364 [INFO] [86/1380] Processing config_10_23_1.pkl (i=10, t=23, n=1)
2026-07-03 17:58:33,495 [INFO]   -> NOT converged, iters=20, LB=-0.0090, UB=-0.0090, d_norms=19
2026-07-03 17:58:33,496 [INFO] [87/1380] Processing config_10_23_2.pkl (i=10, t=23, n=2)
2026-07-03 17:58:33,599 [INFO]   -> NOT converged, iters=18, LB=-0.0150, UB=-0.0150, d_norms=17
2026-07-03 17:58:33,601 [INFO] [88/1380] Processing config_10_23_3.pkl (i=10, t=23, n=3)
2026-07-03 17:58:33,627 [INFO]   -> converged, iters=6, LB=18.6072, UB=18.6587, d_norms=5
2026-07-03 17:58:33,630 [INFO] [89/1380] Processing config_10_23_4.pkl (i=10, t=23, n=4)
2026-07-03 17:58:33,699 [INFO]   -> converged, iters=13, LB=1.4256, UB=1.4293, d_norms=12
2026-07-03 17:58:33,700 [INFO] [90/1380] Processing config_10_23_5.pkl (i=10, t=23, n=5)
2026-07-03 17:58:33,808 [INFO]   -> NOT converged, iters=17, LB=-0.0456, UB=-0.0456, d_norms=16
2026-07-03 17:58:33,810 [INFO] [91/1380] Processing config_10_2_0.pkl (i=10, t=2, n=0)
2026-07-03 17:58:33,952 [INFO]   -> NOT converged, iters=12, LB=-3.8530, UB=-3.8367, d_norms=11
2026-07-03 17:58:33,953 [INFO] [92/1380] Processing config_10_2_1.pkl (i=10, t=2, n=1)
2026-07-03 17:58:34,122 [INFO]   -> NOT converged, iters=16, LB=-3.8618, UB=-3.8451, d_norms=15
2026-07-03 17:58:34,123 [INFO] [93/1380] Processing config_10_2_2.pkl (i=10, t=2, n=2)
2026-07-03 17:58:34,335 [INFO]   -> NOT converged, iters=19, LB=-3.8348, UB=-3.8259, d_norms=18
2026-07-03 17:58:34,336 [INFO] [94/1380] Processing config_10_2_3.pkl (i=10, t=2, n=3)
2026-07-03 17:58:34,478 [INFO]   -> NOT converged, iters=13, LB=-3.8508, UB=-3.8447, d_norms=12
2026-07-03 17:58:34,479 [INFO] [95/1380] Processing config_10_2_4.pkl (i=10, t=2, n=4)
2026-07-03 17:58:34,635 [INFO]   -> NOT converged, iters=15, LB=-3.8551, UB=-3.8476, d_norms=14
2026-07-03 17:58:34,637 [INFO] [96/1380] Processing config_10_2_5.pkl (i=10, t=2, n=5)
2026-07-03 17:58:34,799 [INFO]   -> NOT converged, iters=17, LB=-3.8068, UB=-3.7944, d_norms=16
2026-07-03 17:58:34,801 [INFO] [97/1380] Processing config_10_3_0.pkl (i=10, t=3, n=0)
2026-07-03 17:58:34,983 [INFO]   -> NOT converged, iters=17, LB=-3.6910, UB=-3.6730, d_norms=16
2026-07-03 17:58:34,985 [INFO] [98/1380] Processing config_10_3_1.pkl (i=10, t=3, n=1)
2026-07-03 17:58:35,134 [INFO]   -> NOT converged, iters=14, LB=-3.6593, UB=-3.6498, d_norms=13
2026-07-03 17:58:35,135 [INFO] [99/1380] Processing config_10_3_2.pkl (i=10, t=3, n=2)
2026-07-03 17:58:35,271 [INFO]   -> NOT converged, iters=12, LB=-3.6487, UB=-3.6329, d_norms=11
2026-07-03 17:58:35,273 [INFO] [100/1380] Processing config_10_3_3.pkl (i=10, t=3, n=3)
2026-07-03 17:58:35,457 [INFO]   -> NOT converged, iters=19, LB=-3.6959, UB=-3.6803, d_norms=18
2026-07-03 17:58:35,458 [INFO] [101/1380] Processing config_10_3_4.pkl (i=10, t=3, n=4)
2026-07-03 17:58:35,633 [INFO]   -> NOT converged, iters=15, LB=-3.6367, UB=-3.6267, d_norms=14
2026-07-03 17:58:35,635 [INFO] [102/1380] Processing config_10_3_5.pkl (i=10, t=3, n=5)
2026-07-03 17:58:35,815 [INFO]   -> NOT converged, iters=16, LB=-3.6284, UB=-3.6269, d_norms=15
2026-07-03 17:58:35,816 [INFO] [103/1380] Processing config_10_4_0.pkl (i=10, t=4, n=0)
2026-07-03 17:58:35,982 [INFO]   -> NOT converged, iters=17, LB=-3.4303, UB=-3.4220, d_norms=16
2026-07-03 17:58:35,984 [INFO] [104/1380] Processing config_10_4_1.pkl (i=10, t=4, n=1)
2026-07-03 17:58:36,141 [INFO]   -> NOT converged, iters=14, LB=-3.4668, UB=-3.4596, d_norms=13
2026-07-03 17:58:36,142 [INFO] [105/1380] Processing config_10_4_2.pkl (i=10, t=4, n=2)
2026-07-03 17:58:36,305 [INFO]   -> NOT converged, iters=15, LB=-3.4774, UB=-3.4638, d_norms=14
2026-07-03 17:58:36,306 [INFO] [106/1380] Processing config_10_4_3.pkl (i=10, t=4, n=3)
2026-07-03 17:58:36,479 [INFO]   -> NOT converged, iters=17, LB=-3.4756, UB=-3.4630, d_norms=16
2026-07-03 17:58:36,480 [INFO] [107/1380] Processing config_10_4_4.pkl (i=10, t=4, n=4)
2026-07-03 17:58:36,637 [INFO]   -> NOT converged, iters=16, LB=-3.4489, UB=-3.4369, d_norms=15
2026-07-03 17:58:36,639 [INFO] [108/1380] Processing config_10_4_5.pkl (i=10, t=4, n=5)
2026-07-03 17:58:36,811 [INFO]   -> NOT converged, iters=17, LB=-3.4664, UB=-3.4532, d_norms=16
2026-07-03 17:58:36,813 [INFO] [109/1380] Processing config_10_5_0.pkl (i=10, t=5, n=0)
2026-07-03 17:58:36,991 [INFO]   -> NOT converged, iters=15, LB=-3.2934, UB=-3.2929, d_norms=14
2026-07-03 17:58:36,993 [INFO] [110/1380] Processing config_10_5_1.pkl (i=10, t=5, n=1)
2026-07-03 17:58:37,176 [INFO]   -> NOT converged, iters=15, LB=-3.2830, UB=-3.2824, d_norms=14
2026-07-03 17:58:37,178 [INFO] [111/1380] Processing config_10_5_2.pkl (i=10, t=5, n=2)
2026-07-03 17:58:37,301 [INFO]   -> NOT converged, iters=11, LB=-3.3301, UB=-3.3213, d_norms=10
2026-07-03 17:58:37,302 [INFO] [112/1380] Processing config_10_5_3.pkl (i=10, t=5, n=3)
2026-07-03 17:58:37,472 [INFO]   -> NOT converged, iters=15, LB=-3.2938, UB=-3.2933, d_norms=14
2026-07-03 17:58:37,473 [INFO] [113/1380] Processing config_10_5_4.pkl (i=10, t=5, n=4)
2026-07-03 17:58:37,604 [INFO]   -> NOT converged, iters=10, LB=-3.2738, UB=-3.2738, d_norms=9
2026-07-03 17:58:37,605 [INFO] [114/1380] Processing config_10_5_5.pkl (i=10, t=5, n=5)
2026-07-03 17:58:37,768 [INFO]   -> NOT converged, iters=12, LB=-3.2978, UB=-3.2961, d_norms=11
2026-07-03 17:58:37,770 [INFO] [115/1380] Processing config_10_6_0.pkl (i=10, t=6, n=0)
2026-07-03 17:58:37,926 [INFO]   -> NOT converged, iters=12, LB=-3.1344, UB=-3.1307, d_norms=11
2026-07-03 17:58:37,927 [INFO] [116/1380] Processing config_10_6_1.pkl (i=10, t=6, n=1)
2026-07-03 17:58:38,096 [INFO]   -> NOT converged, iters=15, LB=-3.1438, UB=-3.1413, d_norms=14
2026-07-03 17:58:38,097 [INFO] [117/1380] Processing config_10_6_2.pkl (i=10, t=6, n=2)
2026-07-03 17:58:38,249 [INFO]   -> NOT converged, iters=13, LB=-3.1094, UB=-3.1049, d_norms=12
2026-07-03 17:58:38,251 [INFO] [118/1380] Processing config_10_6_3.pkl (i=10, t=6, n=3)
2026-07-03 17:58:38,377 [INFO]   -> NOT converged, iters=11, LB=-3.1481, UB=-3.1430, d_norms=10
2026-07-03 17:58:38,378 [INFO] [119/1380] Processing config_10_6_4.pkl (i=10, t=6, n=4)
2026-07-03 17:58:38,532 [INFO]   -> NOT converged, iters=13, LB=-3.1156, UB=-3.1112, d_norms=12
2026-07-03 17:58:38,533 [INFO] [120/1380] Processing config_10_6_5.pkl (i=10, t=6, n=5)
2026-07-03 17:58:38,699 [INFO]   -> NOT converged, iters=14, LB=-3.1334, UB=-3.1296, d_norms=13
2026-07-03 17:58:38,701 [INFO] [121/1380] Processing config_10_7_0.pkl (i=10, t=7, n=0)
2026-07-03 17:58:38,863 [INFO]   -> NOT converged, iters=14, LB=-2.9803, UB=-2.9734, d_norms=13
2026-07-03 17:58:38,864 [INFO] [122/1380] Processing config_10_7_1.pkl (i=10, t=7, n=1)
2026-07-03 17:58:39,056 [INFO]   -> NOT converged, iters=17, LB=-2.9635, UB=-2.9538, d_norms=16
2026-07-03 17:58:39,057 [INFO] [123/1380] Processing config_10_7_2.pkl (i=10, t=7, n=2)
2026-07-03 17:58:39,186 [INFO]   -> NOT converged, iters=11, LB=-2.9944, UB=-2.9819, d_norms=10
2026-07-03 17:58:39,187 [INFO] [124/1380] Processing config_10_7_3.pkl (i=10, t=7, n=3)
2026-07-03 17:58:39,342 [INFO]   -> NOT converged, iters=13, LB=-2.9831, UB=-2.9760, d_norms=12
2026-07-03 17:58:39,343 [INFO] [125/1380] Processing config_10_7_4.pkl (i=10, t=7, n=4)
2026-07-03 17:58:39,495 [INFO]   -> NOT converged, iters=12, LB=-2.9596, UB=-2.9544, d_norms=11
2026-07-03 17:58:39,496 [INFO] [126/1380] Processing config_10_7_5.pkl (i=10, t=7, n=5)
2026-07-03 17:58:39,681 [INFO]   -> NOT converged, iters=15, LB=-2.9781, UB=-2.9740, d_norms=14
2026-07-03 17:58:39,682 [INFO] [127/1380] Processing config_10_8_0.pkl (i=10, t=8, n=0)
2026-07-03 17:58:39,865 [INFO]   -> NOT converged, iters=16, LB=-2.7798, UB=-2.7766, d_norms=15
2026-07-03 17:58:39,866 [INFO] [128/1380] Processing config_10_8_1.pkl (i=10, t=8, n=1)
2026-07-03 17:58:39,980 [INFO]   -> NOT converged, iters=7, LB=-2.8003, UB=-2.8003, d_norms=6
2026-07-03 17:58:39,981 [INFO] [129/1380] Processing config_10_8_2.pkl (i=10, t=8, n=2)
2026-07-03 17:58:40,092 [INFO]   -> NOT converged, iters=7, LB=-2.7921, UB=-2.7921, d_norms=6
2026-07-03 17:58:40,093 [INFO] [130/1380] Processing config_10_8_3.pkl (i=10, t=8, n=3)
2026-07-03 17:58:40,252 [INFO]   -> NOT converged, iters=15, LB=-2.8048, UB=-2.7934, d_norms=14
2026-07-03 17:58:40,255 [INFO] [131/1380] Processing config_10_8_4.pkl (i=10, t=8, n=4)
2026-07-03 17:58:40,394 [INFO]   -> NOT converged, iters=12, LB=-2.8310, UB=-2.8262, d_norms=11
2026-07-03 17:58:40,396 [INFO] [132/1380] Processing config_10_8_5.pkl (i=10, t=8, n=5)
2026-07-03 17:58:40,570 [INFO]   -> NOT converged, iters=15, LB=-2.8239, UB=-2.8182, d_norms=14
2026-07-03 17:58:40,572 [INFO] [133/1380] Processing config_10_9_0.pkl (i=10, t=9, n=0)
2026-07-03 17:58:40,699 [INFO]   -> NOT converged, iters=11, LB=-2.6595, UB=-2.6584, d_norms=10
2026-07-03 17:58:40,699 [INFO] [134/1380] Processing config_10_9_1.pkl (i=10, t=9, n=1)
2026-07-03 17:58:40,856 [INFO]   -> NOT converged, iters=13, LB=-2.6345, UB=-2.6329, d_norms=12
2026-07-03 17:58:40,858 [INFO] [135/1380] Processing config_10_9_2.pkl (i=10, t=9, n=2)
2026-07-03 17:58:41,020 [INFO]   -> NOT converged, iters=14, LB=-2.6281, UB=-2.6262, d_norms=13
2026-07-03 17:58:41,021 [INFO] [136/1380] Processing config_10_9_3.pkl (i=10, t=9, n=3)
2026-07-03 17:58:41,143 [INFO]   -> NOT converged, iters=11, LB=-2.6538, UB=-2.6528, d_norms=10
2026-07-03 17:58:41,145 [INFO] [137/1380] Processing config_10_9_4.pkl (i=10, t=9, n=4)
2026-07-03 17:58:41,300 [INFO]   -> NOT converged, iters=14, LB=-2.6401, UB=-2.6387, d_norms=13
2026-07-03 17:58:41,302 [INFO] [138/1380] Processing config_10_9_5.pkl (i=10, t=9, n=5)
2026-07-03 17:58:41,457 [INFO]   -> NOT converged, iters=13, LB=-2.5959, UB=-2.5886, d_norms=12
2026-07-03 17:58:41,459 [INFO] [139/1380] Processing config_1_10_0.pkl (i=1, t=10, n=0)
2026-07-03 17:58:41,565 [INFO]   -> converged, iters=6, LB=1621.6464, UB=1625.2070, d_norms=5
2026-07-03 17:58:41,566 [INFO] [140/1380] Processing config_1_10_1.pkl (i=1, t=10, n=1)
2026-07-03 17:58:41,659 [INFO]   -> converged, iters=6, LB=1479.7630, UB=1483.0064, d_norms=5
2026-07-03 17:58:41,661 [INFO] [141/1380] Processing config_1_10_2.pkl (i=1, t=10, n=2)
2026-07-03 17:58:41,758 [INFO]   -> converged, iters=6, LB=1864.8910, UB=1868.9797, d_norms=5
2026-07-03 17:58:41,759 [INFO] [142/1380] Processing config_1_10_3.pkl (i=1, t=10, n=3)
2026-07-03 17:58:41,856 [INFO]   -> converged, iters=6, LB=1541.3408, UB=1544.7191, d_norms=5
2026-07-03 17:58:41,857 [INFO] [143/1380] Processing config_1_10_4.pkl (i=1, t=10, n=4)
2026-07-03 17:58:41,951 [INFO]   -> converged, iters=6, LB=1482.5304, UB=1485.7798, d_norms=5
2026-07-03 17:58:41,952 [INFO] [144/1380] Processing config_1_10_5.pkl (i=1, t=10, n=5)
2026-07-03 17:58:42,051 [INFO]   -> converged, iters=6, LB=1681.7751, UB=1685.4662, d_norms=5
2026-07-03 17:58:42,052 [INFO] [145/1380] Processing config_1_11_0.pkl (i=1, t=11, n=0)
2026-07-03 17:58:42,151 [INFO]   -> converged, iters=6, LB=1918.7796, UB=1922.9852, d_norms=5
2026-07-03 17:58:42,153 [INFO] [146/1380] Processing config_1_11_1.pkl (i=1, t=11, n=1)
2026-07-03 17:58:42,250 [INFO]   -> converged, iters=6, LB=1678.8778, UB=1682.5615, d_norms=5
2026-07-03 17:58:42,251 [INFO] [147/1380] Processing config_1_11_2.pkl (i=1, t=11, n=2)
2026-07-03 17:58:42,346 [INFO]   -> converged, iters=6, LB=1498.4007, UB=1501.6849, d_norms=5
2026-07-03 17:58:42,348 [INFO] [148/1380] Processing config_1_11_3.pkl (i=1, t=11, n=3)
2026-07-03 17:58:42,443 [INFO]   -> converged, iters=6, LB=1359.6375, UB=1362.6186, d_norms=5
2026-07-03 17:58:42,444 [INFO] [149/1380] Processing config_1_11_4.pkl (i=1, t=11, n=4)
2026-07-03 17:58:42,542 [INFO]   -> converged, iters=6, LB=1852.2049, UB=1856.2652, d_norms=5
2026-07-03 17:58:42,543 [INFO] [150/1380] Processing config_1_11_5.pkl (i=1, t=11, n=5)
2026-07-03 17:58:42,642 [INFO]   -> converged, iters=6, LB=1683.0262, UB=1686.7190, d_norms=5
2026-07-03 17:58:42,644 [INFO] [151/1380] Processing config_1_12_0.pkl (i=1, t=12, n=0)
2026-07-03 17:58:42,739 [INFO]   -> converged, iters=6, LB=1533.3737, UB=1536.7345, d_norms=5
2026-07-03 17:58:42,741 [INFO] [152/1380] Processing config_1_12_1.pkl (i=1, t=12, n=1)
2026-07-03 17:58:42,837 [INFO]   -> converged, iters=6, LB=1415.7902, UB=1418.8933, d_norms=5
2026-07-03 17:58:42,838 [INFO] [153/1380] Processing config_1_12_2.pkl (i=1, t=12, n=2)
2026-07-03 17:58:42,938 [INFO]   -> converged, iters=6, LB=1737.1502, UB=1740.9608, d_norms=5
2026-07-03 17:58:42,940 [INFO] [154/1380] Processing config_1_12_3.pkl (i=1, t=12, n=3)
2026-07-03 17:58:43,042 [INFO]   -> converged, iters=6, LB=1669.2667, UB=1672.9299, d_norms=5
2026-07-03 17:58:43,043 [INFO] [155/1380] Processing config_1_12_4.pkl (i=1, t=12, n=4)
2026-07-03 17:58:43,143 [INFO]   -> converged, iters=6, LB=1193.9320, UB=1196.5548, d_norms=5
2026-07-03 17:58:43,144 [INFO] [156/1380] Processing config_1_12_5.pkl (i=1, t=12, n=5)
2026-07-03 17:58:43,242 [INFO]   -> converged, iters=6, LB=1964.3686, UB=1968.6741, d_norms=5
2026-07-03 17:58:43,242 [INFO] [157/1380] Processing config_1_13_0.pkl (i=1, t=13, n=0)
2026-07-03 17:58:43,341 [INFO]   -> converged, iters=6, LB=1719.9900, UB=1723.7599, d_norms=5
2026-07-03 17:58:43,342 [INFO] [158/1380] Processing config_1_13_1.pkl (i=1, t=13, n=1)
2026-07-03 17:58:43,438 [INFO]   -> converged, iters=6, LB=1866.8298, UB=1870.9215, d_norms=5
2026-07-03 17:58:43,439 [INFO] [159/1380] Processing config_1_13_2.pkl (i=1, t=13, n=2)
2026-07-03 17:58:43,536 [INFO]   -> converged, iters=6, LB=1913.4291, UB=1917.6230, d_norms=5
2026-07-03 17:58:43,538 [INFO] [160/1380] Processing config_1_13_3.pkl (i=1, t=13, n=3)
2026-07-03 17:58:43,634 [INFO]   -> converged, iters=6, LB=1324.3966, UB=1327.2994, d_norms=5
2026-07-03 17:58:43,635 [INFO] [161/1380] Processing config_1_13_4.pkl (i=1, t=13, n=4)
2026-07-03 17:58:43,736 [INFO]   -> converged, iters=6, LB=1583.5580, UB=1587.0295, d_norms=5
2026-07-03 17:58:43,738 [INFO] [162/1380] Processing config_1_13_5.pkl (i=1, t=13, n=5)
2026-07-03 17:58:43,836 [INFO]   -> converged, iters=6, LB=1677.2376, UB=1680.9138, d_norms=5
2026-07-03 17:58:43,838 [INFO] [163/1380] Processing config_1_14_0.pkl (i=1, t=14, n=0)
2026-07-03 17:58:43,934 [INFO]   -> converged, iters=6, LB=1639.7781, UB=1643.3795, d_norms=5
2026-07-03 17:58:43,935 [INFO] [164/1380] Processing config_1_14_1.pkl (i=1, t=14, n=1)
2026-07-03 17:58:44,045 [INFO]   -> converged, iters=6, LB=1924.3656, UB=1928.5894, d_norms=5
2026-07-03 17:58:44,047 [INFO] [165/1380] Processing config_1_14_2.pkl (i=1, t=14, n=2)
2026-07-03 17:58:44,146 [INFO]   -> converged, iters=6, LB=1754.3818, UB=1758.2318, d_norms=5
2026-07-03 17:58:44,147 [INFO] [166/1380] Processing config_1_14_3.pkl (i=1, t=14, n=3)
2026-07-03 17:58:44,251 [INFO]   -> converged, iters=6, LB=1866.5943, UB=1870.6907, d_norms=5
2026-07-03 17:58:44,252 [INFO] [167/1380] Processing config_1_14_4.pkl (i=1, t=14, n=4)
2026-07-03 17:58:44,351 [INFO]   -> converged, iters=6, LB=1777.2215, UB=1781.1230, d_norms=5
2026-07-03 17:58:44,352 [INFO] [168/1380] Processing config_1_14_5.pkl (i=1, t=14, n=5)
2026-07-03 17:58:44,449 [INFO]   -> converged, iters=6, LB=1933.4903, UB=1937.7299, d_norms=5
2026-07-03 17:58:44,451 [INFO] [169/1380] Processing config_1_15_0.pkl (i=1, t=15, n=0)
2026-07-03 17:58:44,549 [INFO]   -> converged, iters=6, LB=2047.8660, UB=2052.3583, d_norms=5
2026-07-03 17:58:44,549 [INFO] [170/1380] Processing config_1_15_1.pkl (i=1, t=15, n=1)
2026-07-03 17:58:44,644 [INFO]   -> converged, iters=6, LB=2114.5282, UB=2119.1665, d_norms=5
2026-07-03 17:58:44,646 [INFO] [171/1380] Processing config_1_15_2.pkl (i=1, t=15, n=2)
2026-07-03 17:58:44,747 [INFO]   -> converged, iters=6, LB=1801.9416, UB=1805.8992, d_norms=5
2026-07-03 17:58:44,748 [INFO] [172/1380] Processing config_1_15_3.pkl (i=1, t=15, n=3)
2026-07-03 17:58:44,841 [INFO]   -> converged, iters=6, LB=1469.7450, UB=1472.9699, d_norms=5
2026-07-03 17:58:44,842 [INFO] [173/1380] Processing config_1_15_4.pkl (i=1, t=15, n=4)
2026-07-03 17:58:44,942 [INFO]   -> converged, iters=6, LB=1764.8732, UB=1768.7507, d_norms=5
2026-07-03 17:58:44,943 [INFO] [174/1380] Processing config_1_15_5.pkl (i=1, t=15, n=5)
2026-07-03 17:58:45,042 [INFO]   -> converged, iters=6, LB=2038.7136, UB=2043.1854, d_norms=5
2026-07-03 17:58:45,043 [INFO] [175/1380] Processing config_1_16_0.pkl (i=1, t=16, n=0)
2026-07-03 17:58:45,143 [INFO]   -> converged, iters=6, LB=1653.2420, UB=1656.8748, d_norms=5
2026-07-03 17:58:45,144 [INFO] [176/1380] Processing config_1_16_1.pkl (i=1, t=16, n=1)
2026-07-03 17:58:45,242 [INFO]   -> converged, iters=6, LB=1791.1659, UB=1795.0973, d_norms=5
2026-07-03 17:58:45,243 [INFO] [177/1380] Processing config_1_16_2.pkl (i=1, t=16, n=2)
2026-07-03 17:58:45,338 [INFO]   -> converged, iters=6, LB=1736.0607, UB=1739.8730, d_norms=5
2026-07-03 17:58:45,340 [INFO] [178/1380] Processing config_1_16_3.pkl (i=1, t=16, n=3)
2026-07-03 17:58:45,433 [INFO]   -> converged, iters=6, LB=1494.1811, UB=1497.4582, d_norms=5
2026-07-03 17:58:45,434 [INFO] [179/1380] Processing config_1_16_4.pkl (i=1, t=16, n=4)
2026-07-03 17:58:45,529 [INFO]   -> converged, iters=6, LB=1792.6616, UB=1796.5962, d_norms=5
2026-07-03 17:58:45,531 [INFO] [180/1380] Processing config_1_16_5.pkl (i=1, t=16, n=5)
2026-07-03 17:58:45,626 [INFO]   -> converged, iters=6, LB=1498.9534, UB=1502.2409, d_norms=5
2026-07-03 17:58:45,627 [INFO] [181/1380] Processing config_1_17_0.pkl (i=1, t=17, n=0)
2026-07-03 17:58:45,726 [INFO]   -> converged, iters=6, LB=1663.6691, UB=1667.3240, d_norms=5
2026-07-03 17:58:45,737 [INFO] [182/1380] Processing config_1_17_1.pkl (i=1, t=17, n=1)
2026-07-03 17:58:45,831 [INFO]   -> converged, iters=6, LB=1839.9919, UB=1844.0287, d_norms=5
2026-07-03 17:58:45,832 [INFO] [183/1380] Processing config_1_17_2.pkl (i=1, t=17, n=2)
2026-07-03 17:58:45,929 [INFO]   -> converged, iters=6, LB=1690.4466, UB=1694.1596, d_norms=5
2026-07-03 17:58:45,932 [INFO] [184/1380] Processing config_1_17_3.pkl (i=1, t=17, n=3)
2026-07-03 17:58:46,027 [INFO]   -> converged, iters=6, LB=1993.6621, UB=1998.0412, d_norms=5
2026-07-03 17:58:46,028 [INFO] [185/1380] Processing config_1_17_4.pkl (i=1, t=17, n=4)
2026-07-03 17:58:46,125 [INFO]   -> converged, iters=6, LB=2067.2636, UB=2071.7954, d_norms=5
2026-07-03 17:58:46,126 [INFO] [186/1380] Processing config_1_17_5.pkl (i=1, t=17, n=5)
2026-07-03 17:58:46,225 [INFO]   -> converged, iters=6, LB=1747.8660, UB=1751.7033, d_norms=5
2026-07-03 17:58:46,226 [INFO] [187/1380] Processing config_1_18_0.pkl (i=1, t=18, n=0)
2026-07-03 17:58:46,322 [INFO]   -> converged, iters=6, LB=1543.3269, UB=1546.7102, d_norms=5
2026-07-03 17:58:46,325 [INFO] [188/1380] Processing config_1_18_1.pkl (i=1, t=18, n=1)
2026-07-03 17:58:46,417 [INFO]   -> converged, iters=6, LB=1478.9266, UB=1482.1697, d_norms=5
2026-07-03 17:58:46,418 [INFO] [189/1380] Processing config_1_18_2.pkl (i=1, t=18, n=2)
2026-07-03 17:58:46,514 [INFO]   -> converged, iters=6, LB=1341.1066, UB=1344.0509, d_norms=5
2026-07-03 17:58:46,515 [INFO] [190/1380] Processing config_1_18_3.pkl (i=1, t=18, n=3)
2026-07-03 17:58:46,608 [INFO]   -> converged, iters=6, LB=1428.8079, UB=1431.9417, d_norms=5
2026-07-03 17:58:46,609 [INFO] [191/1380] Processing config_1_18_4.pkl (i=1, t=18, n=4)
2026-07-03 17:58:46,708 [INFO]   -> converged, iters=6, LB=1701.5955, UB=1705.3319, d_norms=5
2026-07-03 17:58:46,709 [INFO] [192/1380] Processing config_1_18_5.pkl (i=1, t=18, n=5)
2026-07-03 17:58:46,809 [INFO]   -> converged, iters=6, LB=1573.7146, UB=1577.1737, d_norms=5
2026-07-03 17:58:46,811 [INFO] [193/1380] Processing config_1_19_0.pkl (i=1, t=19, n=0)
2026-07-03 17:58:46,908 [INFO]   -> converged, iters=6, LB=1780.4426, UB=1784.3499, d_norms=5
2026-07-03 17:58:46,909 [INFO] [194/1380] Processing config_1_19_1.pkl (i=1, t=19, n=1)
2026-07-03 17:58:47,012 [INFO]   -> converged, iters=6, LB=1844.3220, UB=1848.3677, d_norms=5
2026-07-03 17:58:47,013 [INFO] [195/1380] Processing config_1_19_2.pkl (i=1, t=19, n=2)
2026-07-03 17:58:47,115 [INFO]   -> converged, iters=6, LB=1938.8893, UB=1943.1451, d_norms=5
2026-07-03 17:58:47,116 [INFO] [196/1380] Processing config_1_19_3.pkl (i=1, t=19, n=3)
2026-07-03 17:58:47,220 [INFO]   -> converged, iters=6, LB=2037.8657, UB=2042.3374, d_norms=5
2026-07-03 17:58:47,222 [INFO] [197/1380] Processing config_1_19_4.pkl (i=1, t=19, n=4)
2026-07-03 17:58:47,319 [INFO]   -> converged, iters=6, LB=1882.4748, UB=1886.6034, d_norms=5
2026-07-03 17:58:47,321 [INFO] [198/1380] Processing config_1_19_5.pkl (i=1, t=19, n=5)
2026-07-03 17:58:47,418 [INFO]   -> converged, iters=6, LB=1963.6098, UB=1967.9149, d_norms=5
2026-07-03 17:58:47,420 [INFO] [199/1380] Processing config_1_1_0.pkl (i=1, t=1, n=0)
2026-07-03 17:58:47,518 [INFO]   -> converged, iters=6, LB=1715.4645, UB=1719.2267, d_norms=5
2026-07-03 17:58:47,519 [INFO] [200/1380] Processing config_1_1_1.pkl (i=1, t=1, n=1)
2026-07-03 17:58:47,617 [INFO]   -> converged, iters=6, LB=1777.5186, UB=1781.4168, d_norms=5
2026-07-03 17:58:47,619 [INFO] [201/1380] Processing config_1_1_2.pkl (i=1, t=1, n=2)
2026-07-03 17:58:47,714 [INFO]   -> converged, iters=6, LB=2145.4457, UB=2150.1502, d_norms=5
2026-07-03 17:58:47,716 [INFO] [202/1380] Processing config_1_1_3.pkl (i=1, t=1, n=3)
2026-07-03 17:58:47,819 [INFO]   -> converged, iters=6, LB=2572.6389, UB=2578.2835, d_norms=5
2026-07-03 17:58:47,820 [INFO] [203/1380] Processing config_1_1_4.pkl (i=1, t=1, n=4)
2026-07-03 17:58:47,918 [INFO]   -> converged, iters=6, LB=2366.0043, UB=2371.1941, d_norms=5
2026-07-03 17:58:47,919 [INFO] [204/1380] Processing config_1_1_5.pkl (i=1, t=1, n=5)
2026-07-03 17:58:48,021 [INFO]   -> converged, iters=6, LB=2191.5710, UB=2196.3783, d_norms=5
2026-07-03 17:58:48,023 [INFO] [205/1380] Processing config_1_20_0.pkl (i=1, t=20, n=0)
2026-07-03 17:58:48,127 [INFO]   -> converged, iters=6, LB=1863.4077, UB=1867.4982, d_norms=5
2026-07-03 17:58:48,129 [INFO] [206/1380] Processing config_1_20_1.pkl (i=1, t=20, n=1)
2026-07-03 17:58:48,234 [INFO]   -> converged, iters=6, LB=1926.9673, UB=1931.1957, d_norms=5
2026-07-03 17:58:48,236 [INFO] [207/1380] Processing config_1_20_2.pkl (i=1, t=20, n=2)
2026-07-03 17:58:48,340 [INFO]   -> converged, iters=6, LB=1649.1427, UB=1652.7699, d_norms=5
2026-07-03 17:58:48,342 [INFO] [208/1380] Processing config_1_20_3.pkl (i=1, t=20, n=3)
2026-07-03 17:58:48,445 [INFO]   -> converged, iters=6, LB=1600.2549, UB=1603.7763, d_norms=5
2026-07-03 17:58:48,447 [INFO] [209/1380] Processing config_1_20_4.pkl (i=1, t=20, n=4)
2026-07-03 17:58:48,547 [INFO]   -> converged, iters=6, LB=2260.3719, UB=2265.3332, d_norms=5
2026-07-03 17:58:48,548 [INFO] [210/1380] Processing config_1_20_5.pkl (i=1, t=20, n=5)
2026-07-03 17:58:48,649 [INFO]   -> converged, iters=6, LB=1890.3091, UB=1894.4579, d_norms=5
2026-07-03 17:58:48,650 [INFO] [211/1380] Processing config_1_21_0.pkl (i=1, t=21, n=0)
2026-07-03 17:58:48,748 [INFO]   -> converged, iters=6, LB=1754.6685, UB=1758.5236, d_norms=5
2026-07-03 17:58:48,749 [INFO] [212/1380] Processing config_1_21_1.pkl (i=1, t=21, n=1)
2026-07-03 17:58:48,851 [INFO]   -> converged, iters=6, LB=2019.0712, UB=2023.5047, d_norms=5
2026-07-03 17:58:48,853 [INFO] [213/1380] Processing config_1_21_2.pkl (i=1, t=21, n=2)
2026-07-03 17:58:48,948 [INFO]   -> converged, iters=6, LB=1864.9223, UB=1869.0156, d_norms=5
2026-07-03 17:58:48,951 [INFO] [214/1380] Processing config_1_21_3.pkl (i=1, t=21, n=3)
2026-07-03 17:58:49,046 [INFO]   -> converged, iters=6, LB=1138.8214, UB=1141.3358, d_norms=5
2026-07-03 17:58:49,047 [INFO] [215/1380] Processing config_1_21_4.pkl (i=1, t=21, n=4)
2026-07-03 17:58:49,144 [INFO]   -> converged, iters=6, LB=2047.4439, UB=2051.9380, d_norms=5
2026-07-03 17:58:49,146 [INFO] [216/1380] Processing config_1_21_5.pkl (i=1, t=21, n=5)
2026-07-03 17:58:49,240 [INFO]   -> converged, iters=6, LB=1454.6313, UB=1457.8242, d_norms=5
2026-07-03 17:58:49,241 [INFO] [217/1380] Processing config_1_22_0.pkl (i=1, t=22, n=0)
2026-07-03 17:58:49,340 [INFO]   -> converged, iters=6, LB=2204.3259, UB=2209.1623, d_norms=5
2026-07-03 17:58:49,341 [INFO] [218/1380] Processing config_1_22_1.pkl (i=1, t=22, n=1)
2026-07-03 17:58:49,438 [INFO]   -> converged, iters=6, LB=1754.4074, UB=1758.2592, d_norms=5
2026-07-03 17:58:49,438 [INFO] [219/1380] Processing config_1_22_2.pkl (i=1, t=22, n=2)
2026-07-03 17:58:49,538 [INFO]   -> converged, iters=6, LB=1937.6228, UB=1941.8777, d_norms=5
2026-07-03 17:58:49,539 [INFO] [220/1380] Processing config_1_22_3.pkl (i=1, t=22, n=3)
2026-07-03 17:58:49,638 [INFO]   -> converged, iters=6, LB=2312.1242, UB=2317.1977, d_norms=5
2026-07-03 17:58:49,639 [INFO] [221/1380] Processing config_1_22_4.pkl (i=1, t=22, n=4)
2026-07-03 17:58:49,734 [INFO]   -> converged, iters=6, LB=2199.8289, UB=2204.6544, d_norms=5
2026-07-03 17:58:49,735 [INFO] [222/1380] Processing config_1_22_5.pkl (i=1, t=22, n=5)
2026-07-03 17:58:49,836 [INFO]   -> converged, iters=6, LB=1673.1872, UB=1676.8631, d_norms=5
2026-07-03 17:58:49,837 [INFO] [223/1380] Processing config_1_23_0.pkl (i=1, t=23, n=0)
2026-07-03 17:58:49,866 [INFO]   -> converged, iters=6, LB=2016.7760, UB=2021.2017, d_norms=5
2026-07-03 17:58:49,867 [INFO] [224/1380] Processing config_1_23_1.pkl (i=1, t=23, n=1)
2026-07-03 17:58:49,894 [INFO]   -> converged, iters=6, LB=1975.2680, UB=1979.6033, d_norms=5
2026-07-03 17:58:49,896 [INFO] [225/1380] Processing config_1_23_2.pkl (i=1, t=23, n=2)
2026-07-03 17:58:49,924 [INFO]   -> converged, iters=6, LB=1917.8788, UB=1922.0899, d_norms=5
2026-07-03 17:58:49,925 [INFO] [226/1380] Processing config_1_23_3.pkl (i=1, t=23, n=3)
2026-07-03 17:58:49,953 [INFO]   -> converged, iters=6, LB=2099.9245, UB=2104.5319, d_norms=5
2026-07-03 17:58:49,954 [INFO] [227/1380] Processing config_1_23_4.pkl (i=1, t=23, n=4)
2026-07-03 17:58:49,981 [INFO]   -> converged, iters=6, LB=2080.2389, UB=2084.8038, d_norms=5
2026-07-03 17:58:49,983 [INFO] [228/1380] Processing config_1_23_5.pkl (i=1, t=23, n=5)
2026-07-03 17:58:50,012 [INFO]   -> converged, iters=6, LB=1612.3720, UB=1615.9160, d_norms=5
2026-07-03 17:58:50,013 [INFO] [229/1380] Processing config_1_2_0.pkl (i=1, t=2, n=0)
2026-07-03 17:58:50,114 [INFO]   -> converged, iters=6, LB=1945.6034, UB=1949.8714, d_norms=5
2026-07-03 17:58:50,116 [INFO] [230/1380] Processing config_1_2_1.pkl (i=1, t=2, n=1)
2026-07-03 17:58:50,213 [INFO]   -> converged, iters=6, LB=1855.9479, UB=1860.0183, d_norms=5
2026-07-03 17:58:50,214 [INFO] [231/1380] Processing config_1_2_2.pkl (i=1, t=2, n=2)
2026-07-03 17:58:50,313 [INFO]   -> converged, iters=6, LB=2055.0716, UB=2059.5827, d_norms=5
2026-07-03 17:58:50,315 [INFO] [232/1380] Processing config_1_2_3.pkl (i=1, t=2, n=3)
2026-07-03 17:58:50,415 [INFO]   -> converged, iters=6, LB=1866.6426, UB=1870.7377, d_norms=5
2026-07-03 17:58:50,416 [INFO] [233/1380] Processing config_1_2_4.pkl (i=1, t=2, n=4)
2026-07-03 17:58:50,514 [INFO]   -> converged, iters=6, LB=1831.8952, UB=1835.9130, d_norms=5
2026-07-03 17:58:50,514 [INFO] [234/1380] Processing config_1_2_5.pkl (i=1, t=2, n=5)
2026-07-03 17:58:50,610 [INFO]   -> converged, iters=6, LB=2336.6281, UB=2341.7561, d_norms=5
2026-07-03 17:58:50,611 [INFO] [235/1380] Processing config_1_3_0.pkl (i=1, t=3, n=0)
2026-07-03 17:58:50,710 [INFO]   -> converged, iters=6, LB=1577.8079, UB=1581.2772, d_norms=5
2026-07-03 17:58:50,711 [INFO] [236/1380] Processing config_1_3_1.pkl (i=1, t=3, n=1)
2026-07-03 17:58:50,809 [INFO]   -> converged, iters=6, LB=1832.5446, UB=1836.5660, d_norms=5
2026-07-03 17:58:50,810 [INFO] [237/1380] Processing config_1_3_2.pkl (i=1, t=3, n=2)
2026-07-03 17:58:50,905 [INFO]   -> converged, iters=6, LB=2003.3691, UB=2007.7691, d_norms=5
2026-07-03 17:58:50,905 [INFO] [238/1380] Processing config_1_3_3.pkl (i=1, t=3, n=3)
2026-07-03 17:58:51,000 [INFO]   -> converged, iters=6, LB=1482.9357, UB=1486.1866, d_norms=5
2026-07-03 17:58:51,002 [INFO] [239/1380] Processing config_1_3_4.pkl (i=1, t=3, n=4)
2026-07-03 17:58:51,101 [INFO]   -> converged, iters=6, LB=2068.2256, UB=2072.7744, d_norms=5
2026-07-03 17:58:51,102 [INFO] [240/1380] Processing config_1_3_5.pkl (i=1, t=3, n=5)
2026-07-03 17:58:51,200 [INFO]   -> converged, iters=6, LB=2071.4792, UB=2076.0392, d_norms=5
2026-07-03 17:58:51,202 [INFO] [241/1380] Processing config_1_4_0.pkl (i=1, t=4, n=0)
2026-07-03 17:58:51,307 [INFO]   -> converged, iters=6, LB=2109.8456, UB=2114.4728, d_norms=5
2026-07-03 17:58:51,308 [INFO] [242/1380] Processing config_1_4_1.pkl (i=1, t=4, n=1)
2026-07-03 17:58:51,411 [INFO]   -> converged, iters=6, LB=1727.7370, UB=1731.5333, d_norms=5
2026-07-03 17:58:51,412 [INFO] [243/1380] Processing config_1_4_2.pkl (i=1, t=4, n=2)
2026-07-03 17:58:51,511 [INFO]   -> converged, iters=6, LB=1675.7618, UB=1679.4454, d_norms=5
2026-07-03 17:58:51,512 [INFO] [244/1380] Processing config_1_4_3.pkl (i=1, t=4, n=3)
2026-07-03 17:58:51,616 [INFO]   -> converged, iters=6, LB=1703.1396, UB=1706.8826, d_norms=5
2026-07-03 17:58:51,617 [INFO] [245/1380] Processing config_1_4_4.pkl (i=1, t=4, n=4)
2026-07-03 17:58:51,713 [INFO]   -> converged, iters=6, LB=1966.3661, UB=1970.6788, d_norms=5
2026-07-03 17:58:51,713 [INFO] [246/1380] Processing config_1_4_5.pkl (i=1, t=4, n=5)
2026-07-03 17:58:51,812 [INFO]   -> converged, iters=6, LB=1802.2286, UB=1806.1826, d_norms=5
2026-07-03 17:58:51,814 [INFO] [247/1380] Processing config_1_5_0.pkl (i=1, t=5, n=0)
2026-07-03 17:58:51,912 [INFO]   -> converged, iters=6, LB=1646.5061, UB=1650.1284, d_norms=5
2026-07-03 17:58:51,913 [INFO] [248/1380] Processing config_1_5_1.pkl (i=1, t=5, n=1)
2026-07-03 17:58:52,010 [INFO]   -> converged, iters=6, LB=1750.5470, UB=1754.3944, d_norms=5
2026-07-03 17:58:52,012 [INFO] [249/1380] Processing config_1_5_2.pkl (i=1, t=5, n=2)
2026-07-03 17:58:52,112 [INFO]   -> converged, iters=6, LB=1321.7685, UB=1324.6739, d_norms=5
2026-07-03 17:58:52,113 [INFO] [250/1380] Processing config_1_5_3.pkl (i=1, t=5, n=3)
2026-07-03 17:58:52,213 [INFO]   -> converged, iters=6, LB=1642.0933, UB=1645.7061, d_norms=5
2026-07-03 17:58:52,215 [INFO] [251/1380] Processing config_1_5_4.pkl (i=1, t=5, n=4)
2026-07-03 17:58:52,317 [INFO]   -> converged, iters=6, LB=1842.2685, UB=1846.3141, d_norms=5
2026-07-03 17:58:52,319 [INFO] [252/1380] Processing config_1_5_5.pkl (i=1, t=5, n=5)
2026-07-03 17:58:52,419 [INFO]   -> converged, iters=6, LB=1601.9369, UB=1605.4627, d_norms=5
2026-07-03 17:58:52,420 [INFO] [253/1380] Processing config_1_6_0.pkl (i=1, t=6, n=0)
2026-07-03 17:58:52,519 [INFO]   -> converged, iters=6, LB=1581.0025, UB=1584.4765, d_norms=5
2026-07-03 17:58:52,520 [INFO] [254/1380] Processing config_1_6_1.pkl (i=1, t=6, n=1)
2026-07-03 17:58:52,617 [INFO]   -> converged, iters=6, LB=1486.6943, UB=1489.9537, d_norms=5
2026-07-03 17:58:52,617 [INFO] [255/1380] Processing config_1_6_2.pkl (i=1, t=6, n=2)
2026-07-03 17:58:52,713 [INFO]   -> converged, iters=6, LB=1830.0671, UB=1834.0811, d_norms=5
2026-07-03 17:58:52,714 [INFO] [256/1380] Processing config_1_6_3.pkl (i=1, t=6, n=3)
2026-07-03 17:58:52,808 [INFO]   -> converged, iters=6, LB=1447.4520, UB=1450.6257, d_norms=5
2026-07-03 17:58:52,809 [INFO] [257/1380] Processing config_1_6_4.pkl (i=1, t=6, n=4)
2026-07-03 17:58:52,938 [INFO]   -> converged, iters=6, LB=1768.2670, UB=1772.1470, d_norms=5
2026-07-03 17:58:52,939 [INFO] [258/1380] Processing config_1_6_5.pkl (i=1, t=6, n=5)
2026-07-03 17:58:53,038 [INFO]   -> converged, iters=6, LB=1590.8133, UB=1594.3085, d_norms=5
2026-07-03 17:58:53,039 [INFO] [259/1380] Processing config_1_7_0.pkl (i=1, t=7, n=0)
2026-07-03 17:58:53,143 [INFO]   -> converged, iters=6, LB=1530.4162, UB=1533.7830, d_norms=5
2026-07-03 17:58:53,144 [INFO] [260/1380] Processing config_1_7_1.pkl (i=1, t=7, n=1)
2026-07-03 17:58:53,243 [INFO]   -> converged, iters=6, LB=1759.4136, UB=1763.2814, d_norms=5
2026-07-03 17:58:53,245 [INFO] [261/1380] Processing config_1_7_2.pkl (i=1, t=7, n=2)
2026-07-03 17:58:53,340 [INFO]   -> converged, iters=6, LB=1438.4805, UB=1441.6363, d_norms=5
2026-07-03 17:58:53,342 [INFO] [262/1380] Processing config_1_7_3.pkl (i=1, t=7, n=3)
2026-07-03 17:58:53,438 [INFO]   -> converged, iters=6, LB=1516.7275, UB=1520.0536, d_norms=5
2026-07-03 17:58:53,439 [INFO] [263/1380] Processing config_1_7_4.pkl (i=1, t=7, n=4)
2026-07-03 17:58:53,538 [INFO]   -> converged, iters=6, LB=1708.1660, UB=1711.9180, d_norms=5
2026-07-03 17:58:53,539 [INFO] [264/1380] Processing config_1_7_5.pkl (i=1, t=7, n=5)
2026-07-03 17:58:53,642 [INFO]   -> converged, iters=6, LB=1539.1645, UB=1542.5502, d_norms=5
2026-07-03 17:58:53,644 [INFO] [265/1380] Processing config_1_8_0.pkl (i=1, t=8, n=0)
2026-07-03 17:58:53,745 [INFO]   -> converged, iters=6, LB=1980.8801, UB=1985.2334, d_norms=5
2026-07-03 17:58:53,747 [INFO] [266/1380] Processing config_1_8_1.pkl (i=1, t=8, n=1)
2026-07-03 17:58:53,844 [INFO]   -> converged, iters=6, LB=1752.1523, UB=1755.9955, d_norms=5
2026-07-03 17:58:53,846 [INFO] [267/1380] Processing config_1_8_2.pkl (i=1, t=8, n=2)
2026-07-03 17:58:53,945 [INFO]   -> converged, iters=6, LB=1834.4408, UB=1838.4628, d_norms=5
2026-07-03 17:58:53,946 [INFO] [268/1380] Processing config_1_8_3.pkl (i=1, t=8, n=3)
2026-07-03 17:58:54,048 [INFO]   -> converged, iters=6, LB=1812.6943, UB=1816.6809, d_norms=5
2026-07-03 17:58:54,048 [INFO] [269/1380] Processing config_1_8_4.pkl (i=1, t=8, n=4)
2026-07-03 17:58:54,146 [INFO]   -> converged, iters=6, LB=1466.5346, UB=1469.7490, d_norms=5
2026-07-03 17:58:54,148 [INFO] [270/1380] Processing config_1_8_5.pkl (i=1, t=8, n=5)
2026-07-03 17:58:54,252 [INFO]   -> converged, iters=6, LB=1535.5225, UB=1538.8957, d_norms=5
2026-07-03 17:58:54,253 [INFO] [271/1380] Processing config_1_9_0.pkl (i=1, t=9, n=0)
2026-07-03 17:58:54,348 [INFO]   -> converged, iters=6, LB=1338.3977, UB=1341.3324, d_norms=5
2026-07-03 17:58:54,350 [INFO] [272/1380] Processing config_1_9_1.pkl (i=1, t=9, n=1)
2026-07-03 17:58:54,448 [INFO]   -> converged, iters=6, LB=1614.4530, UB=1617.9966, d_norms=5
2026-07-03 17:58:54,450 [INFO] [273/1380] Processing config_1_9_2.pkl (i=1, t=9, n=2)
2026-07-03 17:58:54,548 [INFO]   -> converged, iters=6, LB=1678.3607, UB=1682.0431, d_norms=5
2026-07-03 17:58:54,549 [INFO] [274/1380] Processing config_1_9_3.pkl (i=1, t=9, n=3)
2026-07-03 17:58:54,645 [INFO]   -> converged, iters=6, LB=1398.8653, UB=1401.9313, d_norms=5
2026-07-03 17:58:54,647 [INFO] [275/1380] Processing config_1_9_4.pkl (i=1, t=9, n=4)
2026-07-03 17:58:54,744 [INFO]   -> converged, iters=6, LB=1540.9711, UB=1544.3486, d_norms=5
2026-07-03 17:58:54,744 [INFO] [276/1380] Processing config_1_9_5.pkl (i=1, t=9, n=5)
2026-07-03 17:58:54,840 [INFO]   -> converged, iters=6, LB=1996.6755, UB=2001.0518, d_norms=5
2026-07-03 17:58:54,842 [INFO] [277/1380] Processing config_2_10_0.pkl (i=2, t=10, n=0)
2026-07-03 17:58:54,957 [INFO]   -> converged, iters=7, LB=9.9574, UB=10.0000, d_norms=6
2026-07-03 17:58:54,959 [INFO] [278/1380] Processing config_2_10_1.pkl (i=2, t=10, n=1)
2026-07-03 17:58:55,158 [INFO]   -> NOT converged, iters=17, LB=-0.0017, UB=-0.0017, d_norms=16
2026-07-03 17:58:55,160 [INFO] [279/1380] Processing config_2_10_2.pkl (i=2, t=10, n=2)
2026-07-03 17:58:55,255 [INFO]   -> converged, iters=6, LB=252.8854, UB=253.4534, d_norms=5
2026-07-03 17:58:55,257 [INFO] [280/1380] Processing config_2_10_3.pkl (i=2, t=10, n=3)
2026-07-03 17:58:55,409 [INFO]   -> converged, iters=14, LB=3.5122, UB=3.5234, d_norms=13
2026-07-03 17:58:55,411 [INFO] [281/1380] Processing config_2_10_4.pkl (i=2, t=10, n=4)
2026-07-03 17:58:55,641 [INFO]   -> NOT converged, iters=19, LB=-0.0014, UB=-0.0014, d_norms=18
2026-07-03 17:58:55,643 [INFO] [282/1380] Processing config_2_10_5.pkl (i=2, t=10, n=5)
2026-07-03 17:58:55,752 [INFO]   -> converged, iters=6, LB=69.5946, UB=69.9399, d_norms=5
2026-07-03 17:58:55,754 [INFO] [283/1380] Processing config_2_11_0.pkl (i=2, t=11, n=0)
2026-07-03 17:58:55,860 [INFO]   -> converged, iters=6, LB=253.5868, UB=254.1795, d_norms=5
2026-07-03 17:58:55,862 [INFO] [284/1380] Processing config_2_11_1.pkl (i=2, t=11, n=1)
2026-07-03 17:58:55,973 [INFO]   -> converged, iters=7, LB=13.7247, UB=13.7558, d_norms=6
2026-07-03 17:58:55,974 [INFO] [285/1380] Processing config_2_11_2.pkl (i=2, t=11, n=2)
2026-07-03 17:58:56,222 [INFO]   -> NOT converged, iters=20, LB=-0.0052, UB=-0.0052, d_norms=19
2026-07-03 17:58:56,223 [INFO] [286/1380] Processing config_2_11_3.pkl (i=2, t=11, n=3)
2026-07-03 17:58:56,402 [INFO]   -> NOT converged, iters=15, LB=-0.0191, UB=-0.0191, d_norms=14
2026-07-03 17:58:56,403 [INFO] [287/1380] Processing config_2_11_4.pkl (i=2, t=11, n=4)
2026-07-03 17:58:56,506 [INFO]   -> converged, iters=6, LB=186.9879, UB=187.4594, d_norms=5
2026-07-03 17:58:56,507 [INFO] [288/1380] Processing config_2_11_5.pkl (i=2, t=11, n=5)
2026-07-03 17:58:56,623 [INFO]   -> converged, iters=8, LB=17.8808, UB=17.9133, d_norms=7
2026-07-03 17:58:56,625 [INFO] [289/1380] Processing config_2_12_0.pkl (i=2, t=12, n=0)
2026-07-03 17:58:56,763 [INFO]   -> converged, iters=12, LB=5.0152, UB=5.0286, d_norms=11
2026-07-03 17:58:56,763 [INFO] [290/1380] Processing config_2_12_1.pkl (i=2, t=12, n=1)
2026-07-03 17:58:56,942 [INFO]   -> NOT converged, iters=17, LB=-0.0030, UB=-0.0030, d_norms=16
2026-07-03 17:58:56,944 [INFO] [291/1380] Processing config_2_12_2.pkl (i=2, t=12, n=2)
2026-07-03 17:58:57,044 [INFO]   -> converged, iters=6, LB=151.4065, UB=151.8362, d_norms=5
2026-07-03 17:58:57,045 [INFO] [292/1380] Processing config_2_12_3.pkl (i=2, t=12, n=3)
2026-07-03 17:58:57,143 [INFO]   -> converged, iters=6, LB=83.4763, UB=83.8054, d_norms=5
2026-07-03 17:58:57,144 [INFO] [293/1380] Processing config_2_12_4.pkl (i=2, t=12, n=4)
2026-07-03 17:58:57,299 [INFO]   -> NOT converged, iters=15, LB=-0.0252, UB=-0.0251, d_norms=14
2026-07-03 17:58:57,300 [INFO] [294/1380] Processing config_2_12_5.pkl (i=2, t=12, n=5)
2026-07-03 17:58:57,401 [INFO]   -> converged, iters=6, LB=378.7026, UB=379.5495, d_norms=5
2026-07-03 17:58:57,403 [INFO] [295/1380] Processing config_2_13_0.pkl (i=2, t=13, n=0)
2026-07-03 17:58:57,508 [INFO]   -> converged, iters=7, LB=39.0476, UB=39.1687, d_norms=6
2026-07-03 17:58:57,509 [INFO] [296/1380] Processing config_2_13_1.pkl (i=2, t=13, n=1)
2026-07-03 17:58:57,609 [INFO]   -> converged, iters=6, LB=185.8902, UB=186.3304, d_norms=5
2026-07-03 17:58:57,611 [INFO] [297/1380] Processing config_2_13_2.pkl (i=2, t=13, n=2)
2026-07-03 17:58:57,712 [INFO]   -> converged, iters=6, LB=232.5024, UB=233.0318, d_norms=5
2026-07-03 17:58:57,713 [INFO] [298/1380] Processing config_2_13_3.pkl (i=2, t=13, n=3)
2026-07-03 17:58:57,876 [INFO]   -> NOT converged, iters=14, LB=-0.0235, UB=-0.0234, d_norms=13
2026-07-03 17:58:57,878 [INFO] [299/1380] Processing config_2_13_4.pkl (i=2, t=13, n=4)
2026-07-03 17:58:58,115 [INFO]   -> NOT converged, iters=18, LB=-0.0005, UB=-0.0005, d_norms=17
2026-07-03 17:58:58,117 [INFO] [300/1380] Processing config_2_13_5.pkl (i=2, t=13, n=5)
2026-07-03 17:58:58,270 [INFO]   -> converged, iters=9, LB=8.6321, UB=8.6721, d_norms=8
2026-07-03 17:58:58,271 [INFO] [301/1380] Processing config_2_14_0.pkl (i=2, t=14, n=0)
2026-07-03 17:58:58,449 [INFO]   -> NOT converged, iters=16, LB=-0.0084, UB=-0.0084, d_norms=15
2026-07-03 17:58:58,451 [INFO] [302/1380] Processing config_2_14_1.pkl (i=2, t=14, n=1)
2026-07-03 17:58:58,553 [INFO]   -> converged, iters=6, LB=108.3406, UB=108.6320, d_norms=5
2026-07-03 17:58:58,564 [INFO] [303/1380] Processing config_2_14_2.pkl (i=2, t=14, n=2)
2026-07-03 17:58:58,700 [INFO]   -> converged, iters=13, LB=3.0314, UB=3.0362, d_norms=12
2026-07-03 17:58:58,703 [INFO] [304/1380] Processing config_2_14_3.pkl (i=2, t=14, n=3)
2026-07-03 17:58:58,801 [INFO]   -> converged, iters=6, LB=50.4867, UB=50.7333, d_norms=5
2026-07-03 17:58:58,802 [INFO] [305/1380] Processing config_2_14_4.pkl (i=2, t=14, n=4)
2026-07-03 17:58:58,940 [INFO]   -> converged, iters=11, LB=5.2493, UB=5.2587, d_norms=10
2026-07-03 17:58:58,942 [INFO] [306/1380] Processing config_2_14_5.pkl (i=2, t=14, n=5)
2026-07-03 17:58:59,044 [INFO]   -> converged, iters=6, LB=117.4912, UB=117.7725, d_norms=5
2026-07-03 17:58:59,044 [INFO] [307/1380] Processing config_2_15_0.pkl (i=2, t=15, n=0)
2026-07-03 17:58:59,141 [INFO]   -> converged, iters=6, LB=174.9076, UB=175.3033, d_norms=5
2026-07-03 17:58:59,142 [INFO] [308/1380] Processing config_2_15_1.pkl (i=2, t=15, n=1)
2026-07-03 17:58:59,243 [INFO]   -> converged, iters=6, LB=241.5233, UB=242.1115, d_norms=5
2026-07-03 17:58:59,244 [INFO] [309/1380] Processing config_2_15_2.pkl (i=2, t=15, n=2)
2026-07-03 17:58:59,391 [INFO]   -> converged, iters=13, LB=2.1109, UB=2.1206, d_norms=12
2026-07-03 17:58:59,393 [INFO] [310/1380] Processing config_2_15_3.pkl (i=2, t=15, n=3)
2026-07-03 17:58:59,589 [INFO]   -> NOT converged, iters=16, LB=-0.0289, UB=-0.0288, d_norms=15
2026-07-03 17:58:59,590 [INFO] [311/1380] Processing config_2_15_4.pkl (i=2, t=15, n=4)
2026-07-03 17:58:59,822 [INFO]   -> NOT converged, iters=19, LB=-0.0015, UB=-0.0015, d_norms=18
2026-07-03 17:58:59,824 [INFO] [312/1380] Processing config_2_15_5.pkl (i=2, t=15, n=5)
2026-07-03 17:58:59,923 [INFO]   -> converged, iters=6, LB=165.7541, UB=166.1304, d_norms=5
2026-07-03 17:58:59,925 [INFO] [313/1380] Processing config_2_16_0.pkl (i=2, t=16, n=0)
2026-07-03 17:59:00,052 [INFO]   -> converged, iters=9, LB=8.2538, UB=8.2703, d_norms=8
2026-07-03 17:59:00,054 [INFO] [314/1380] Processing config_2_16_1.pkl (i=2, t=16, n=1)
2026-07-03 17:59:00,151 [INFO]   -> converged, iters=6, LB=129.9539, UB=130.4072, d_norms=5
2026-07-03 17:59:00,154 [INFO] [315/1380] Processing config_2_16_2.pkl (i=2, t=16, n=2)
2026-07-03 17:59:00,257 [INFO]   -> converged, iters=7, LB=75.0551, UB=75.1829, d_norms=6
2026-07-03 17:59:00,257 [INFO] [316/1380] Processing config_2_16_3.pkl (i=2, t=16, n=3)
2026-07-03 17:59:00,484 [INFO]   -> NOT converged, iters=19, LB=-0.0002, UB=-0.0002, d_norms=18
2026-07-03 17:59:00,485 [INFO] [317/1380] Processing config_2_16_4.pkl (i=2, t=16, n=4)
2026-07-03 17:59:00,586 [INFO]   -> converged, iters=6, LB=131.4514, UB=131.9061, d_norms=5
2026-07-03 17:59:00,588 [INFO] [318/1380] Processing config_2_16_5.pkl (i=2, t=16, n=5)
2026-07-03 17:59:00,791 [INFO]   -> converged, iters=17, LB=0.1017, UB=0.1019, d_norms=16
2026-07-03 17:59:00,792 [INFO] [319/1380] Processing config_2_17_0.pkl (i=2, t=17, n=0)
2026-07-03 17:59:00,948 [INFO]   -> NOT converged, iters=15, LB=-0.0078, UB=-0.0078, d_norms=14
2026-07-03 17:59:00,950 [INFO] [320/1380] Processing config_2_17_1.pkl (i=2, t=17, n=1)
2026-07-03 17:59:01,058 [INFO]   -> converged, iters=8, LB=9.6000, UB=9.6298, d_norms=7
2026-07-03 17:59:01,061 [INFO] [321/1380] Processing config_2_17_2.pkl (i=2, t=17, n=2)
2026-07-03 17:59:01,200 [INFO]   -> NOT converged, iters=12, LB=-0.0051, UB=-0.0051, d_norms=11
2026-07-03 17:59:01,201 [INFO] [322/1380] Processing config_2_17_3.pkl (i=2, t=17, n=3)
2026-07-03 17:59:01,299 [INFO]   -> converged, iters=6, LB=159.7766, UB=160.1992, d_norms=5
2026-07-03 17:59:01,300 [INFO] [323/1380] Processing config_2_17_4.pkl (i=2, t=17, n=4)
2026-07-03 17:59:01,393 [INFO]   -> converged, iters=6, LB=233.4417, UB=233.9534, d_norms=5
2026-07-03 17:59:01,394 [INFO] [324/1380] Processing config_2_17_5.pkl (i=2, t=17, n=5)
2026-07-03 17:59:01,559 [INFO]   -> converged, iters=15, LB=0.6645, UB=0.6659, d_norms=14
2026-07-03 17:59:01,560 [INFO] [325/1380] Processing config_2_18_0.pkl (i=2, t=18, n=0)
2026-07-03 17:59:01,669 [INFO]   -> converged, iters=8, LB=39.8182, UB=39.8954, d_norms=7
2026-07-03 17:59:01,672 [INFO] [326/1380] Processing config_2_18_1.pkl (i=2, t=18, n=1)
2026-07-03 17:59:01,810 [INFO]   -> converged, iters=12, LB=7.4807, UB=7.5097, d_norms=11
2026-07-03 17:59:01,812 [INFO] [327/1380] Processing config_2_18_2.pkl (i=2, t=18, n=2)
2026-07-03 17:59:01,978 [INFO]   -> NOT converged, iters=14, LB=-0.0034, UB=-0.0034, d_norms=13
2026-07-03 17:59:01,979 [INFO] [328/1380] Processing config_2_18_3.pkl (i=2, t=18, n=3)
2026-07-03 17:59:02,153 [INFO]   -> converged, iters=15, LB=2.9574, UB=2.9644, d_norms=14
2026-07-03 17:59:02,154 [INFO] [329/1380] Processing config_2_18_4.pkl (i=2, t=18, n=4)
2026-07-03 17:59:02,259 [INFO]   -> converged, iters=6, LB=190.2315, UB=190.7689, d_norms=5
2026-07-03 17:59:02,260 [INFO] [330/1380] Processing config_2_18_5.pkl (i=2, t=18, n=5)
2026-07-03 17:59:02,370 [INFO]   -> converged, iters=7, LB=62.4937, UB=62.6107, d_norms=6
2026-07-03 17:59:02,372 [INFO] [331/1380] Processing config_2_19_0.pkl (i=2, t=19, n=0)
2026-07-03 17:59:02,543 [INFO]   -> NOT converged, iters=16, LB=-0.0034, UB=-0.0034, d_norms=15
2026-07-03 17:59:02,545 [INFO] [332/1380] Processing config_2_19_1.pkl (i=2, t=19, n=1)
2026-07-03 17:59:02,663 [INFO]   -> converged, iters=9, LB=2.9488, UB=2.9607, d_norms=8
2026-07-03 17:59:02,664 [INFO] [333/1380] Processing config_2_19_2.pkl (i=2, t=19, n=2)
2026-07-03 17:59:02,761 [INFO]   -> converged, iters=6, LB=30.8835, UB=31.0254, d_norms=5
2026-07-03 17:59:02,762 [INFO] [334/1380] Processing config_2_19_3.pkl (i=2, t=19, n=3)
2026-07-03 17:59:02,854 [INFO]   -> converged, iters=6, LB=129.8862, UB=130.2176, d_norms=5
2026-07-03 17:59:02,856 [INFO] [335/1380] Processing config_2_19_4.pkl (i=2, t=19, n=4)
2026-07-03 17:59:02,987 [INFO]   -> converged, iters=10, LB=6.5345, UB=6.5517, d_norms=9
2026-07-03 17:59:02,988 [INFO] [336/1380] Processing config_2_19_5.pkl (i=2, t=19, n=5)
2026-07-03 17:59:03,085 [INFO]   -> converged, iters=6, LB=55.6732, UB=55.7952, d_norms=5
2026-07-03 17:59:03,087 [INFO] [337/1380] Processing config_2_1_0.pkl (i=2, t=1, n=0)
2026-07-03 17:59:03,346 [INFO]   -> NOT converged, iters=26, LB=-0.0301, UB=-0.0300, d_norms=25
2026-07-03 17:59:03,347 [INFO] [338/1380] Processing config_2_1_1.pkl (i=2, t=1, n=1)
2026-07-03 17:59:03,609 [INFO]   -> NOT converged, iters=27, LB=-0.0238, UB=-0.0238, d_norms=26
2026-07-03 17:59:03,610 [INFO] [339/1380] Processing config_2_1_2.pkl (i=2, t=1, n=2)
2026-07-03 17:59:03,738 [INFO]   -> converged, iters=8, LB=31.2718, UB=31.3643, d_norms=7
2026-07-03 17:59:03,739 [INFO] [340/1380] Processing config_2_1_3.pkl (i=2, t=1, n=3)
2026-07-03 17:59:03,845 [INFO]   -> converged, iters=6, LB=444.4966, UB=445.5085, d_norms=5
2026-07-03 17:59:03,847 [INFO] [341/1380] Processing config_2_1_4.pkl (i=2, t=1, n=4)
2026-07-03 17:59:03,951 [INFO]   -> converged, iters=6, LB=237.8582, UB=238.4192, d_norms=5
2026-07-03 17:59:03,953 [INFO] [342/1380] Processing config_2_1_5.pkl (i=2, t=1, n=5)
2026-07-03 17:59:04,065 [INFO]   -> converged, iters=7, LB=64.5621, UB=64.7634, d_norms=6
2026-07-03 17:59:04,067 [INFO] [343/1380] Processing config_2_20_0.pkl (i=2, t=20, n=0)
2026-07-03 17:59:04,199 [INFO]   -> converged, iters=11, LB=8.8430, UB=8.8666, d_norms=10
2026-07-03 17:59:04,200 [INFO] [344/1380] Processing config_2_20_1.pkl (i=2, t=20, n=1)
2026-07-03 17:59:04,302 [INFO]   -> converged, iters=6, LB=61.7693, UB=62.0238, d_norms=5
2026-07-03 17:59:04,303 [INFO] [345/1380] Processing config_2_20_2.pkl (i=2, t=20, n=2)
2026-07-03 17:59:04,485 [INFO]   -> NOT converged, iters=17, LB=-0.0124, UB=-0.0123, d_norms=16
2026-07-03 17:59:04,488 [INFO] [346/1380] Processing config_2_20_3.pkl (i=2, t=20, n=3)
2026-07-03 17:59:04,703 [INFO]   -> NOT converged, iters=20, LB=-0.0173, UB=-0.0172, d_norms=19
2026-07-03 17:59:04,704 [INFO] [347/1380] Processing config_2_20_4.pkl (i=2, t=20, n=4)
2026-07-03 17:59:04,803 [INFO]   -> converged, iters=6, LB=395.2493, UB=396.1614, d_norms=5
2026-07-03 17:59:04,804 [INFO] [348/1380] Processing config_2_20_5.pkl (i=2, t=20, n=5)
2026-07-03 17:59:04,909 [INFO]   -> converged, iters=7, LB=25.1907, UB=25.2860, d_norms=6
2026-07-03 17:59:04,911 [INFO] [349/1380] Processing config_2_21_0.pkl (i=2, t=21, n=0)
2026-07-03 17:59:05,013 [INFO]   -> converged, iters=7, LB=41.3764, UB=41.4999, d_norms=6
2026-07-03 17:59:05,014 [INFO] [350/1380] Processing config_2_21_1.pkl (i=2, t=21, n=1)
2026-07-03 17:59:05,112 [INFO]   -> converged, iters=6, LB=305.7538, UB=306.4811, d_norms=5
2026-07-03 17:59:05,114 [INFO] [351/1380] Processing config_2_21_2.pkl (i=2, t=21, n=2)
2026-07-03 17:59:05,214 [INFO]   -> converged, iters=6, LB=151.6031, UB=151.9919, d_norms=5
2026-07-03 17:59:05,215 [INFO] [352/1380] Processing config_2_21_3.pkl (i=2, t=21, n=3)
2026-07-03 17:59:05,387 [INFO]   -> NOT converged, iters=17, LB=-0.0438, UB=-0.0437, d_norms=16
2026-07-03 17:59:05,389 [INFO] [353/1380] Processing config_2_21_4.pkl (i=2, t=21, n=4)
2026-07-03 17:59:05,490 [INFO]   -> converged, iters=6, LB=334.1376, UB=334.9144, d_norms=5
2026-07-03 17:59:05,491 [INFO] [354/1380] Processing config_2_21_5.pkl (i=2, t=21, n=5)
2026-07-03 17:59:05,691 [INFO]   -> NOT converged, iters=18, LB=-0.0119, UB=-0.0119, d_norms=17
2026-07-03 17:59:05,692 [INFO] [355/1380] Processing config_2_22_0.pkl (i=2, t=22, n=0)
2026-07-03 17:59:05,791 [INFO]   -> converged, iters=6, LB=190.6394, UB=191.1599, d_norms=5
2026-07-03 17:59:05,792 [INFO] [356/1380] Processing config_2_22_1.pkl (i=2, t=22, n=1)
2026-07-03 17:59:05,994 [INFO]   -> NOT converged, iters=20, LB=-0.0022, UB=-0.0022, d_norms=19
2026-07-03 17:59:05,995 [INFO] [357/1380] Processing config_2_22_2.pkl (i=2, t=22, n=2)
2026-07-03 17:59:06,171 [INFO]   -> converged, iters=14, LB=9.5563, UB=9.5743, d_norms=13
2026-07-03 17:59:06,172 [INFO] [358/1380] Processing config_2_22_3.pkl (i=2, t=22, n=3)
2026-07-03 17:59:06,269 [INFO]   -> converged, iters=6, LB=298.4813, UB=299.1953, d_norms=5
2026-07-03 17:59:06,271 [INFO] [359/1380] Processing config_2_22_4.pkl (i=2, t=22, n=4)
2026-07-03 17:59:06,365 [INFO]   -> converged, iters=6, LB=186.2167, UB=186.6520, d_norms=5
2026-07-03 17:59:06,367 [INFO] [360/1380] Processing config_2_22_5.pkl (i=2, t=22, n=5)
2026-07-03 17:59:06,585 [INFO]   -> NOT converged, iters=18, LB=-0.0104, UB=-0.0104, d_norms=17
2026-07-03 17:59:06,587 [INFO] [361/1380] Processing config_2_23_0.pkl (i=2, t=23, n=0)
2026-07-03 17:59:06,624 [INFO]   -> converged, iters=7, LB=66.3907, UB=66.5106, d_norms=6
2026-07-03 17:59:06,626 [INFO] [362/1380] Processing config_2_23_1.pkl (i=2, t=23, n=1)
2026-07-03 17:59:06,667 [INFO]   -> converged, iters=8, LB=33.3777, UB=33.5020, d_norms=7
2026-07-03 17:59:06,668 [INFO] [363/1380] Processing config_2_23_2.pkl (i=2, t=23, n=2)
2026-07-03 17:59:06,740 [INFO]   -> converged, iters=12, LB=20.8778, UB=20.9329, d_norms=11
2026-07-03 17:59:06,741 [INFO] [364/1380] Processing config_2_23_3.pkl (i=2, t=23, n=3)
2026-07-03 17:59:06,771 [INFO]   -> converged, iters=6, LB=149.4735, UB=149.8408, d_norms=5
2026-07-03 17:59:06,772 [INFO] [365/1380] Processing config_2_23_4.pkl (i=2, t=23, n=4)
2026-07-03 17:59:06,810 [INFO]   -> converged, iters=6, LB=129.7844, UB=130.1127, d_norms=5
2026-07-03 17:59:06,812 [INFO] [366/1380] Processing config_2_23_5.pkl (i=2, t=23, n=5)
2026-07-03 17:59:06,949 [INFO]   -> converged, iters=18, LB=5.8548, UB=5.8733, d_norms=17
2026-07-03 17:59:06,950 [INFO] [367/1380] Processing config_2_2_0.pkl (i=2, t=2, n=0)
2026-07-03 17:59:07,135 [INFO]   -> converged, iters=15, LB=7.9508, UB=7.9661, d_norms=14
2026-07-03 17:59:07,136 [INFO] [368/1380] Processing config_2_2_1.pkl (i=2, t=2, n=1)
2026-07-03 17:59:07,299 [INFO]   -> converged, iters=17, LB=0.7660, UB=0.7672, d_norms=16
2026-07-03 17:59:07,300 [INFO] [369/1380] Processing config_2_2_2.pkl (i=2, t=2, n=2)
2026-07-03 17:59:07,394 [INFO]   -> converged, iters=6, LB=73.0894, UB=73.2695, d_norms=5
2026-07-03 17:59:07,395 [INFO] [370/1380] Processing config_2_2_3.pkl (i=2, t=2, n=3)
2026-07-03 17:59:07,599 [INFO]   -> converged, iters=20, LB=0.8562, UB=0.8595, d_norms=19
2026-07-03 17:59:07,600 [INFO] [371/1380] Processing config_2_2_4.pkl (i=2, t=2, n=4)
2026-07-03 17:59:07,847 [INFO]   -> converged, iters=27, LB=0.0675, UB=0.0677, d_norms=26
2026-07-03 17:59:07,848 [INFO] [372/1380] Processing config_2_2_5.pkl (i=2, t=2, n=5)
2026-07-03 17:59:07,945 [INFO]   -> converged, iters=6, LB=354.6374, UB=355.4429, d_norms=5
2026-07-03 17:59:07,947 [INFO] [373/1380] Processing config_2_3_0.pkl (i=2, t=3, n=0)
2026-07-03 17:59:08,172 [INFO]   -> NOT converged, iters=23, LB=-0.0119, UB=-0.0119, d_norms=22
2026-07-03 17:59:08,173 [INFO] [374/1380] Processing config_2_3_1.pkl (i=2, t=3, n=1)
2026-07-03 17:59:08,310 [INFO]   -> converged, iters=11, LB=11.8710, UB=11.8895, d_norms=10
2026-07-03 17:59:08,312 [INFO] [375/1380] Processing config_2_3_2.pkl (i=2, t=3, n=2)
2026-07-03 17:59:08,411 [INFO]   -> converged, iters=6, LB=163.9674, UB=164.3336, d_norms=5
2026-07-03 17:59:08,412 [INFO] [376/1380] Processing config_2_3_3.pkl (i=2, t=3, n=3)
2026-07-03 17:59:08,605 [INFO]   -> NOT converged, iters=18, LB=-0.0192, UB=-0.0192, d_norms=17
2026-07-03 17:59:08,606 [INFO] [377/1380] Processing config_2_3_4.pkl (i=2, t=3, n=4)
2026-07-03 17:59:08,705 [INFO]   -> converged, iters=6, LB=228.8257, UB=229.3390, d_norms=5
2026-07-03 17:59:08,707 [INFO] [378/1380] Processing config_2_3_5.pkl (i=2, t=3, n=5)
2026-07-03 17:59:08,801 [INFO]   -> converged, iters=6, LB=232.0636, UB=232.6038, d_norms=5
2026-07-03 17:59:08,803 [INFO] [379/1380] Processing config_2_4_0.pkl (i=2, t=4, n=0)
2026-07-03 17:59:08,900 [INFO]   -> converged, iters=6, LB=278.9640, UB=279.6069, d_norms=5
2026-07-03 17:59:08,901 [INFO] [380/1380] Processing config_2_4_1.pkl (i=2, t=4, n=1)
2026-07-03 17:59:09,073 [INFO]   -> converged, iters=19, LB=1.4791, UB=1.4820, d_norms=18
2026-07-03 17:59:09,074 [INFO] [381/1380] Processing config_2_4_2.pkl (i=2, t=4, n=2)
2026-07-03 17:59:09,244 [INFO]   -> NOT converged, iters=17, LB=-0.0012, UB=-0.0012, d_norms=16
2026-07-03 17:59:09,246 [INFO] [382/1380] Processing config_2_4_3.pkl (i=2, t=4, n=3)
2026-07-03 17:59:09,487 [INFO]   -> converged, iters=24, LB=0.2403, UB=0.2413, d_norms=23
2026-07-03 17:59:09,488 [INFO] [383/1380] Processing config_2_4_4.pkl (i=2, t=4, n=4)
2026-07-03 17:59:09,587 [INFO]   -> converged, iters=6, LB=135.4641, UB=135.8129, d_norms=5
2026-07-03 17:59:09,589 [INFO] [384/1380] Processing config_2_4_5.pkl (i=2, t=4, n=5)
2026-07-03 17:59:09,739 [INFO]   -> converged, iters=13, LB=8.3857, UB=8.4233, d_norms=12
2026-07-03 17:59:09,740 [INFO] [385/1380] Processing config_2_5_0.pkl (i=2, t=5, n=0)
2026-07-03 17:59:09,853 [INFO]   -> converged, iters=8, LB=12.3235, UB=12.3485, d_norms=7
2026-07-03 17:59:09,854 [INFO] [386/1380] Processing config_2_5_1.pkl (i=2, t=5, n=1)
2026-07-03 17:59:09,951 [INFO]   -> converged, iters=6, LB=116.2054, UB=116.6145, d_norms=5
2026-07-03 17:59:09,952 [INFO] [387/1380] Processing config_2_5_2.pkl (i=2, t=5, n=2)
2026-07-03 17:59:10,120 [INFO]   -> NOT converged, iters=16, LB=-0.0187, UB=-0.0187, d_norms=15
2026-07-03 17:59:10,122 [INFO] [388/1380] Processing config_2_5_3.pkl (i=2, t=5, n=3)
2026-07-03 17:59:10,239 [INFO]   -> converged, iters=8, LB=9.7703, UB=9.7986, d_norms=7
2026-07-03 17:59:10,241 [INFO] [389/1380] Processing config_2_5_4.pkl (i=2, t=5, n=4)
2026-07-03 17:59:10,340 [INFO]   -> converged, iters=6, LB=208.0017, UB=208.5342, d_norms=5
2026-07-03 17:59:10,341 [INFO] [390/1380] Processing config_2_5_5.pkl (i=2, t=5, n=5)
2026-07-03 17:59:10,497 [INFO]   -> converged, iters=13, LB=5.8640, UB=5.8914, d_norms=12
2026-07-03 17:59:10,498 [INFO] [391/1380] Processing config_2_6_0.pkl (i=2, t=6, n=0)
2026-07-03 17:59:10,649 [INFO]   -> converged, iters=12, LB=5.4725, UB=5.4896, d_norms=11
2026-07-03 17:59:10,651 [INFO] [392/1380] Processing config_2_6_1.pkl (i=2, t=6, n=1)
2026-07-03 17:59:10,870 [INFO]   -> NOT converged, iters=19, LB=-0.0016, UB=-0.0015, d_norms=18
2026-07-03 17:59:10,872 [INFO] [393/1380] Processing config_2_6_2.pkl (i=2, t=6, n=2)
2026-07-03 17:59:10,970 [INFO]   -> converged, iters=6, LB=212.6629, UB=213.1490, d_norms=5
2026-07-03 17:59:10,972 [INFO] [394/1380] Processing config_2_6_3.pkl (i=2, t=6, n=3)
2026-07-03 17:59:11,132 [INFO]   -> NOT converged, iters=16, LB=-0.0055, UB=-0.0055, d_norms=15
2026-07-03 17:59:11,133 [INFO] [395/1380] Processing config_2_6_4.pkl (i=2, t=6, n=4)
2026-07-03 17:59:11,231 [INFO]   -> converged, iters=6, LB=150.8424, UB=151.2149, d_norms=5
2026-07-03 17:59:11,232 [INFO] [396/1380] Processing config_2_6_5.pkl (i=2, t=6, n=5)
2026-07-03 17:59:11,380 [INFO]   -> converged, iters=11, LB=6.4236, UB=6.4442, d_norms=10
2026-07-03 17:59:11,381 [INFO] [397/1380] Processing config_2_7_0.pkl (i=2, t=7, n=0)
2026-07-03 17:59:11,536 [INFO]   -> converged, iters=12, LB=3.9946, UB=4.0043, d_norms=11
2026-07-03 17:59:11,538 [INFO] [398/1380] Processing config_2_7_1.pkl (i=2, t=7, n=1)
2026-07-03 17:59:11,637 [INFO]   -> converged, iters=6, LB=177.2274, UB=177.7443, d_norms=5
2026-07-03 17:59:11,638 [INFO] [399/1380] Processing config_2_7_2.pkl (i=2, t=7, n=2)
2026-07-03 17:59:11,801 [INFO]   -> NOT converged, iters=15, LB=-0.0019, UB=-0.0019, d_norms=14
2026-07-03 17:59:11,803 [INFO] [400/1380] Processing config_2_7_3.pkl (i=2, t=7, n=3)
2026-07-03 17:59:11,962 [INFO]   -> converged, iters=15, LB=3.7737, UB=3.7829, d_norms=14
2026-07-03 17:59:11,964 [INFO] [401/1380] Processing config_2_7_4.pkl (i=2, t=7, n=4)
2026-07-03 17:59:12,069 [INFO]   -> converged, iters=6, LB=125.9236, UB=126.3809, d_norms=5
2026-07-03 17:59:12,070 [INFO] [402/1380] Processing config_2_7_5.pkl (i=2, t=7, n=5)
2026-07-03 17:59:12,226 [INFO]   -> converged, iters=11, LB=4.8375, UB=4.8555, d_norms=10
2026-07-03 17:59:12,228 [INFO] [403/1380] Processing config_2_8_0.pkl (i=2, t=8, n=0)
2026-07-03 17:59:12,325 [INFO]   -> converged, iters=6, LB=250.4424, UB=251.0639, d_norms=5
2026-07-03 17:59:12,327 [INFO] [404/1380] Processing config_2_8_1.pkl (i=2, t=8, n=1)
2026-07-03 17:59:12,432 [INFO]   -> converged, iters=7, LB=21.7346, UB=21.8260, d_norms=6
2026-07-03 17:59:12,432 [INFO] [405/1380] Processing config_2_8_2.pkl (i=2, t=8, n=2)
2026-07-03 17:59:12,527 [INFO]   -> converged, iters=6, LB=104.0406, UB=104.2932, d_norms=5
2026-07-03 17:59:12,528 [INFO] [406/1380] Processing config_2_8_3.pkl (i=2, t=8, n=3)
2026-07-03 17:59:12,624 [INFO]   -> converged, iters=6, LB=82.1528, UB=82.5113, d_norms=5
2026-07-03 17:59:12,626 [INFO] [407/1380] Processing config_2_8_4.pkl (i=2, t=8, n=4)
2026-07-03 17:59:12,814 [INFO]   -> NOT converged, iters=18, LB=-0.0149, UB=-0.0149, d_norms=17
2026-07-03 17:59:12,815 [INFO] [408/1380] Processing config_2_8_5.pkl (i=2, t=8, n=5)
2026-07-03 17:59:12,995 [INFO]   -> NOT converged, iters=14, LB=-0.0103, UB=-0.0102, d_norms=13
2026-07-03 17:59:12,997 [INFO] [409/1380] Processing config_2_9_0.pkl (i=2, t=9, n=0)
2026-07-03 17:59:13,154 [INFO]   -> NOT converged, iters=15, LB=-0.0127, UB=-0.0127, d_norms=14
2026-07-03 17:59:13,155 [INFO] [410/1380] Processing config_2_9_1.pkl (i=2, t=9, n=1)
2026-07-03 17:59:13,268 [INFO]   -> converged, iters=8, LB=19.8481, UB=19.8793, d_norms=7
2026-07-03 17:59:13,269 [INFO] [411/1380] Processing config_2_9_2.pkl (i=2, t=9, n=2)
2026-07-03 17:59:13,377 [INFO]   -> converged, iters=7, LB=83.7973, UB=83.9258, d_norms=6
2026-07-03 17:59:13,378 [INFO] [412/1380] Processing config_2_9_3.pkl (i=2, t=9, n=3)
2026-07-03 17:59:13,544 [INFO]   -> NOT converged, iters=17, LB=-0.0070, UB=-0.0070, d_norms=16
2026-07-03 17:59:13,546 [INFO] [413/1380] Processing config_2_9_4.pkl (i=2, t=9, n=4)
2026-07-03 17:59:13,700 [INFO]   -> converged, iters=15, LB=4.8820, UB=4.8904, d_norms=14
2026-07-03 17:59:13,702 [INFO] [414/1380] Processing config_2_9_5.pkl (i=2, t=9, n=5)
2026-07-03 17:59:13,800 [INFO]   -> converged, iters=6, LB=402.0444, UB=402.9345, d_norms=5
2026-07-03 17:59:13,802 [INFO] [415/1380] Processing config_3_10_0.pkl (i=3, t=10, n=0)
2026-07-03 17:59:13,945 [INFO]   -> NOT converged, iters=13, LB=-2.3003, UB=-2.2940, d_norms=12
2026-07-03 17:59:13,946 [INFO] [416/1380] Processing config_3_10_1.pkl (i=3, t=10, n=1)
2026-07-03 17:59:14,126 [INFO]   -> NOT converged, iters=18, LB=-2.3091, UB=-2.3031, d_norms=17
2026-07-03 17:59:14,127 [INFO] [417/1380] Processing config_3_10_2.pkl (i=3, t=10, n=2)
2026-07-03 17:59:14,271 [INFO]   -> NOT converged, iters=12, LB=-2.2798, UB=-2.2693, d_norms=11
2026-07-03 17:59:14,272 [INFO] [418/1380] Processing config_3_10_3.pkl (i=3, t=10, n=3)
2026-07-03 17:59:14,430 [INFO]   -> NOT converged, iters=15, LB=-2.3072, UB=-2.2998, d_norms=14
2026-07-03 17:59:14,431 [INFO] [419/1380] Processing config_3_10_4.pkl (i=3, t=10, n=4)
2026-07-03 17:59:14,610 [INFO]   -> NOT converged, iters=17, LB=-2.3115, UB=-2.3055, d_norms=16
2026-07-03 17:59:14,612 [INFO] [420/1380] Processing config_3_10_5.pkl (i=3, t=10, n=5)
2026-07-03 17:59:14,794 [INFO]   -> NOT converged, iters=17, LB=-2.2923, UB=-2.2882, d_norms=16
2026-07-03 17:59:14,795 [INFO] [421/1380] Processing config_3_11_0.pkl (i=3, t=11, n=0)
2026-07-03 17:59:14,937 [INFO]   -> NOT converged, iters=12, LB=-2.1086, UB=-2.1039, d_norms=11
2026-07-03 17:59:14,938 [INFO] [422/1380] Processing config_3_11_1.pkl (i=3, t=11, n=1)
2026-07-03 17:59:15,087 [INFO]   -> NOT converged, iters=12, LB=-2.1344, UB=-2.1286, d_norms=11
2026-07-03 17:59:15,089 [INFO] [423/1380] Processing config_3_11_2.pkl (i=3, t=11, n=2)
2026-07-03 17:59:15,264 [INFO]   -> NOT converged, iters=16, LB=-2.1489, UB=-2.1453, d_norms=15
2026-07-03 17:59:15,276 [INFO] [424/1380] Processing config_3_11_3.pkl (i=3, t=11, n=3)
2026-07-03 17:59:15,410 [INFO]   -> NOT converged, iters=13, LB=-2.1642, UB=-2.1604, d_norms=12
2026-07-03 17:59:15,411 [INFO] [425/1380] Processing config_3_11_4.pkl (i=3, t=11, n=4)
2026-07-03 17:59:15,568 [INFO]   -> NOT converged, iters=15, LB=-2.1188, UB=-2.1108, d_norms=14
2026-07-03 17:59:15,570 [INFO] [426/1380] Processing config_3_11_5.pkl (i=3, t=11, n=5)
2026-07-03 17:59:15,715 [INFO]   -> NOT converged, iters=12, LB=-2.1336, UB=-2.1281, d_norms=11
2026-07-03 17:59:15,716 [INFO] [427/1380] Processing config_3_12_0.pkl (i=3, t=12, n=0)
2026-07-03 17:59:15,869 [INFO]   -> NOT converged, iters=13, LB=-1.9791, UB=-1.9753, d_norms=12
2026-07-03 17:59:15,871 [INFO] [428/1380] Processing config_3_12_1.pkl (i=3, t=12, n=1)
2026-07-03 17:59:16,009 [INFO]   -> NOT converged, iters=12, LB=-1.9957, UB=-1.9882, d_norms=11
2026-07-03 17:59:16,010 [INFO] [429/1380] Processing config_3_12_2.pkl (i=3, t=12, n=2)
2026-07-03 17:59:16,160 [INFO]   -> NOT converged, iters=13, LB=-1.9626, UB=-1.9543, d_norms=12
2026-07-03 17:59:16,161 [INFO] [430/1380] Processing config_3_12_3.pkl (i=3, t=12, n=3)
2026-07-03 17:59:16,299 [INFO]   -> NOT converged, iters=11, LB=-1.9718, UB=-1.9633, d_norms=10
2026-07-03 17:59:16,301 [INFO] [431/1380] Processing config_3_12_4.pkl (i=3, t=12, n=4)
2026-07-03 17:59:16,430 [INFO]   -> NOT converged, iters=12, LB=-2.0209, UB=-2.0112, d_norms=11
2026-07-03 17:59:16,431 [INFO] [432/1380] Processing config_3_12_5.pkl (i=3, t=12, n=5)
2026-07-03 17:59:16,563 [INFO]   -> NOT converged, iters=11, LB=-1.9371, UB=-1.9308, d_norms=10
2026-07-03 17:59:16,564 [INFO] [433/1380] Processing config_3_13_0.pkl (i=3, t=13, n=0)
2026-07-03 17:59:16,715 [INFO]   -> NOT converged, iters=13, LB=-1.8029, UB=-1.7953, d_norms=12
2026-07-03 17:59:16,717 [INFO] [434/1380] Processing config_3_13_1.pkl (i=3, t=13, n=1)
2026-07-03 17:59:16,869 [INFO]   -> NOT converged, iters=13, LB=-1.7890, UB=-1.7806, d_norms=12
2026-07-03 17:59:16,871 [INFO] [435/1380] Processing config_3_13_2.pkl (i=3, t=13, n=2)
2026-07-03 17:59:17,020 [INFO]   -> NOT converged, iters=13, LB=-1.7845, UB=-1.7759, d_norms=12
2026-07-03 17:59:17,021 [INFO] [436/1380] Processing config_3_13_3.pkl (i=3, t=13, n=3)
2026-07-03 17:59:17,166 [INFO]   -> NOT converged, iters=13, LB=-1.8449, UB=-1.8444, d_norms=12
2026-07-03 17:59:17,168 [INFO] [437/1380] Processing config_3_13_4.pkl (i=3, t=13, n=4)
2026-07-03 17:59:17,335 [INFO]   -> NOT converged, iters=14, LB=-1.8111, UB=-1.8045, d_norms=13
2026-07-03 17:59:17,336 [INFO] [438/1380] Processing config_3_13_5.pkl (i=3, t=13, n=5)
2026-07-03 17:59:17,456 [INFO]   -> NOT converged, iters=7, LB=-1.7996, UB=-1.7996, d_norms=6
2026-07-03 17:59:17,458 [INFO] [439/1380] Processing config_3_14_0.pkl (i=3, t=14, n=0)
2026-07-03 17:59:17,635 [INFO]   -> NOT converged, iters=15, LB=-1.6449, UB=-1.6411, d_norms=14
2026-07-03 17:59:17,637 [INFO] [440/1380] Processing config_3_14_1.pkl (i=3, t=14, n=1)
2026-07-03 17:59:17,797 [INFO]   -> NOT converged, iters=14, LB=-1.6164, UB=-1.6157, d_norms=13
2026-07-03 17:59:17,799 [INFO] [441/1380] Processing config_3_14_2.pkl (i=3, t=14, n=2)
2026-07-03 17:59:17,976 [INFO]   -> NOT converged, iters=16, LB=-1.6334, UB=-1.6294, d_norms=15
2026-07-03 17:59:17,977 [INFO] [442/1380] Processing config_3_14_3.pkl (i=3, t=14, n=3)
2026-07-03 17:59:18,121 [INFO]   -> NOT converged, iters=12, LB=-1.6221, UB=-1.6181, d_norms=11
2026-07-03 17:59:18,122 [INFO] [443/1380] Processing config_3_14_4.pkl (i=3, t=14, n=4)
2026-07-03 17:59:18,271 [INFO]   -> NOT converged, iters=13, LB=-1.6311, UB=-1.6271, d_norms=12
2026-07-03 17:59:18,272 [INFO] [444/1380] Processing config_3_14_5.pkl (i=3, t=14, n=5)
2026-07-03 17:59:18,425 [INFO]   -> NOT converged, iters=13, LB=-1.6154, UB=-1.6113, d_norms=12
2026-07-03 17:59:18,427 [INFO] [445/1380] Processing config_3_15_0.pkl (i=3, t=15, n=0)
2026-07-03 17:59:18,615 [INFO]   -> NOT converged, iters=19, LB=-1.4215, UB=-1.4185, d_norms=18
2026-07-03 17:59:18,618 [INFO] [446/1380] Processing config_3_15_1.pkl (i=3, t=15, n=1)
2026-07-03 17:59:18,779 [INFO]   -> NOT converged, iters=15, LB=-1.4159, UB=-1.4117, d_norms=14
2026-07-03 17:59:18,781 [INFO] [447/1380] Processing config_3_15_2.pkl (i=3, t=15, n=2)
2026-07-03 17:59:18,923 [INFO]   -> NOT converged, iters=12, LB=-1.4466, UB=-1.4438, d_norms=11
2026-07-03 17:59:18,924 [INFO] [448/1380] Processing config_3_15_3.pkl (i=3, t=15, n=3)
2026-07-03 17:59:19,073 [INFO]   -> NOT converged, iters=12, LB=-1.4787, UB=-1.4776, d_norms=11
2026-07-03 17:59:19,074 [INFO] [449/1380] Processing config_3_15_4.pkl (i=3, t=15, n=4)
2026-07-03 17:59:19,229 [INFO]   -> NOT converged, iters=14, LB=-1.4503, UB=-1.4475, d_norms=13
2026-07-03 17:59:19,230 [INFO] [450/1380] Processing config_3_15_5.pkl (i=3, t=15, n=5)
2026-07-03 17:59:19,422 [INFO]   -> NOT converged, iters=19, LB=-1.4224, UB=-1.4194, d_norms=18
2026-07-03 17:59:19,423 [INFO] [451/1380] Processing config_3_16_0.pkl (i=3, t=16, n=0)
2026-07-03 17:59:19,559 [INFO]   -> NOT converged, iters=11, LB=-1.2757, UB=-1.2729, d_norms=10
2026-07-03 17:59:19,561 [INFO] [452/1380] Processing config_3_16_1.pkl (i=3, t=16, n=1)
2026-07-03 17:59:19,685 [INFO]   -> NOT converged, iters=10, LB=-1.2646, UB=-1.2599, d_norms=9
2026-07-03 17:59:19,686 [INFO] [453/1380] Processing config_3_16_2.pkl (i=3, t=16, n=2)
2026-07-03 17:59:19,820 [INFO]   -> NOT converged, iters=11, LB=-1.2679, UB=-1.2649, d_norms=10
2026-07-03 17:59:19,820 [INFO] [454/1380] Processing config_3_16_3.pkl (i=3, t=16, n=3)
2026-07-03 17:59:19,956 [INFO]   -> NOT converged, iters=11, LB=-1.2872, UB=-1.2820, d_norms=10
2026-07-03 17:59:19,957 [INFO] [455/1380] Processing config_3_16_4.pkl (i=3, t=16, n=4)
2026-07-03 17:59:20,085 [INFO]   -> NOT converged, iters=11, LB=-1.2646, UB=-1.2593, d_norms=10
2026-07-03 17:59:20,088 [INFO] [456/1380] Processing config_3_16_5.pkl (i=3, t=16, n=5)
2026-07-03 17:59:20,228 [INFO]   -> NOT converged, iters=11, LB=-1.2867, UB=-1.2815, d_norms=10
2026-07-03 17:59:20,230 [INFO] [457/1380] Processing config_3_17_0.pkl (i=3, t=17, n=0)
2026-07-03 17:59:20,382 [INFO]   -> NOT converged, iters=13, LB=-1.1063, UB=-1.1041, d_norms=12
2026-07-03 17:59:20,383 [INFO] [458/1380] Processing config_3_17_1.pkl (i=3, t=17, n=1)
2026-07-03 17:59:20,510 [INFO]   -> NOT converged, iters=10, LB=-1.0886, UB=-1.0863, d_norms=9
2026-07-03 17:59:20,512 [INFO] [459/1380] Processing config_3_17_2.pkl (i=3, t=17, n=2)
2026-07-03 17:59:20,642 [INFO]   -> NOT converged, iters=10, LB=-1.1036, UB=-1.1014, d_norms=9
2026-07-03 17:59:20,644 [INFO] [460/1380] Processing config_3_17_3.pkl (i=3, t=17, n=3)
2026-07-03 17:59:20,819 [INFO]   -> NOT converged, iters=14, LB=-1.0585, UB=-1.0562, d_norms=13
2026-07-03 17:59:20,821 [INFO] [461/1380] Processing config_3_17_4.pkl (i=3, t=17, n=4)
2026-07-03 17:59:20,986 [INFO]   -> NOT converged, iters=16, LB=-1.0654, UB=-1.0629, d_norms=15
2026-07-03 17:59:20,987 [INFO] [462/1380] Processing config_3_17_5.pkl (i=3, t=17, n=5)
2026-07-03 17:59:21,116 [INFO]   -> NOT converged, iters=10, LB=-1.0979, UB=-1.0956, d_norms=9
2026-07-03 17:59:21,117 [INFO] [463/1380] Processing config_3_18_0.pkl (i=3, t=18, n=0)
2026-07-03 17:59:21,297 [INFO]   -> NOT converged, iters=16, LB=-0.9338, UB=-0.9323, d_norms=15
2026-07-03 17:59:21,299 [INFO] [464/1380] Processing config_3_18_1.pkl (i=3, t=18, n=1)
2026-07-03 17:59:21,438 [INFO]   -> NOT converged, iters=11, LB=-0.9381, UB=-0.9377, d_norms=10
2026-07-03 17:59:21,440 [INFO] [465/1380] Processing config_3_18_2.pkl (i=3, t=18, n=2)
2026-07-03 17:59:21,564 [INFO]   -> NOT converged, iters=11, LB=-0.9535, UB=-0.9500, d_norms=10
2026-07-03 17:59:21,565 [INFO] [466/1380] Processing config_3_18_3.pkl (i=3, t=18, n=3)
2026-07-03 17:59:21,695 [INFO]   -> NOT converged, iters=11, LB=-0.9431, UB=-0.9411, d_norms=10
2026-07-03 17:59:21,696 [INFO] [467/1380] Processing config_3_18_4.pkl (i=3, t=18, n=4)
2026-07-03 17:59:21,857 [INFO]   -> NOT converged, iters=13, LB=-0.9187, UB=-0.9172, d_norms=12
2026-07-03 17:59:21,859 [INFO] [468/1380] Processing config_3_18_5.pkl (i=3, t=18, n=5)
2026-07-03 17:59:22,030 [INFO]   -> NOT converged, iters=15, LB=-0.9320, UB=-0.9309, d_norms=14
2026-07-03 17:59:22,031 [INFO] [469/1380] Processing config_3_19_0.pkl (i=3, t=19, n=0)
2026-07-03 17:59:22,213 [INFO]   -> NOT converged, iters=14, LB=-0.7594, UB=-0.7586, d_norms=13
2026-07-03 17:59:22,215 [INFO] [470/1380] Processing config_3_19_1.pkl (i=3, t=19, n=1)
2026-07-03 17:59:22,369 [INFO]   -> NOT converged, iters=13, LB=-0.7530, UB=-0.7521, d_norms=12
2026-07-03 17:59:22,371 [INFO] [471/1380] Processing config_3_19_2.pkl (i=3, t=19, n=2)
2026-07-03 17:59:22,521 [INFO]   -> NOT converged, iters=13, LB=-0.7435, UB=-0.7427, d_norms=12
2026-07-03 17:59:22,522 [INFO] [472/1380] Processing config_3_19_3.pkl (i=3, t=19, n=3)
2026-07-03 17:59:22,702 [INFO]   -> NOT converged, iters=16, LB=-0.7336, UB=-0.7328, d_norms=15
2026-07-03 17:59:22,703 [INFO] [473/1380] Processing config_3_19_4.pkl (i=3, t=19, n=4)
2026-07-03 17:59:22,844 [INFO]   -> NOT converged, iters=10, LB=-0.7491, UB=-0.7482, d_norms=9
2026-07-03 17:59:22,846 [INFO] [474/1380] Processing config_3_19_5.pkl (i=3, t=19, n=5)
2026-07-03 17:59:22,974 [INFO]   -> NOT converged, iters=10, LB=-0.7409, UB=-0.7386, d_norms=9
2026-07-03 17:59:22,976 [INFO] [475/1380] Processing config_3_1_0.pkl (i=3, t=1, n=0)
2026-07-03 17:59:23,206 [INFO]   -> NOT converged, iters=21, LB=-3.9005, UB=-3.8844, d_norms=20
2026-07-03 17:59:23,208 [INFO] [476/1380] Processing config_3_1_1.pkl (i=3, t=1, n=1)
2026-07-03 17:59:23,438 [INFO]   -> NOT converged, iters=21, LB=-3.8877, UB=-3.8754, d_norms=20
2026-07-03 17:59:23,440 [INFO] [477/1380] Processing config_3_1_2.pkl (i=3, t=1, n=2)
2026-07-03 17:59:23,671 [INFO]   -> NOT converged, iters=20, LB=-3.8554, UB=-3.8441, d_norms=19
2026-07-03 17:59:23,673 [INFO] [478/1380] Processing config_3_1_3.pkl (i=3, t=1, n=3)
2026-07-03 17:59:23,882 [INFO]   -> NOT converged, iters=21, LB=-3.8169, UB=-3.8060, d_norms=20
2026-07-03 17:59:23,883 [INFO] [479/1380] Processing config_3_1_4.pkl (i=3, t=1, n=4)
2026-07-03 17:59:24,080 [INFO]   -> NOT converged, iters=19, LB=-3.8379, UB=-3.8236, d_norms=18
2026-07-03 17:59:24,082 [INFO] [480/1380] Processing config_3_1_5.pkl (i=3, t=1, n=5)
2026-07-03 17:59:24,274 [INFO]   -> NOT converged, iters=17, LB=-3.8503, UB=-3.8386, d_norms=16
2026-07-03 17:59:24,275 [INFO] [481/1380] Processing config_3_20_0.pkl (i=3, t=20, n=0)
2026-07-03 17:59:24,432 [INFO]   -> NOT converged, iters=12, LB=-0.5598, UB=-0.5584, d_norms=11
2026-07-03 17:59:24,433 [INFO] [482/1380] Processing config_3_20_1.pkl (i=3, t=20, n=1)
2026-07-03 17:59:24,595 [INFO]   -> NOT converged, iters=13, LB=-0.5535, UB=-0.5520, d_norms=12
2026-07-03 17:59:24,597 [INFO] [483/1380] Processing config_3_20_2.pkl (i=3, t=20, n=2)
2026-07-03 17:59:24,755 [INFO]   -> NOT converged, iters=13, LB=-0.5813, UB=-0.5799, d_norms=12
2026-07-03 17:59:24,756 [INFO] [484/1380] Processing config_3_20_3.pkl (i=3, t=20, n=3)
2026-07-03 17:59:24,922 [INFO]   -> NOT converged, iters=13, LB=-0.5864, UB=-0.5852, d_norms=12
2026-07-03 17:59:24,923 [INFO] [485/1380] Processing config_3_20_4.pkl (i=3, t=20, n=4)
2026-07-03 17:59:25,095 [INFO]   -> NOT converged, iters=16, LB=-0.5062, UB=-0.5053, d_norms=15
2026-07-03 17:59:25,096 [INFO] [486/1380] Processing config_3_20_5.pkl (i=3, t=20, n=5)
2026-07-03 17:59:25,245 [INFO]   -> NOT converged, iters=12, LB=-0.5571, UB=-0.5557, d_norms=11
2026-07-03 17:59:25,246 [INFO] [487/1380] Processing config_3_21_0.pkl (i=3, t=21, n=0)
2026-07-03 17:59:25,383 [INFO]   -> NOT converged, iters=11, LB=-0.3838, UB=-0.3832, d_norms=10
2026-07-03 17:59:25,385 [INFO] [488/1380] Processing config_3_21_1.pkl (i=3, t=21, n=1)
2026-07-03 17:59:25,566 [INFO]   -> NOT converged, iters=17, LB=-0.3582, UB=-0.3568, d_norms=16
2026-07-03 17:59:25,568 [INFO] [489/1380] Processing config_3_21_2.pkl (i=3, t=21, n=2)
2026-07-03 17:59:25,702 [INFO]   -> NOT converged, iters=11, LB=-0.3728, UB=-0.3728, d_norms=10
2026-07-03 17:59:25,703 [INFO] [490/1380] Processing config_3_21_3.pkl (i=3, t=21, n=3)
2026-07-03 17:59:25,808 [INFO]   -> NOT converged, iters=7, LB=-0.4431, UB=-0.4420, d_norms=6
2026-07-03 17:59:25,809 [INFO] [491/1380] Processing config_3_21_4.pkl (i=3, t=21, n=4)
2026-07-03 17:59:25,966 [INFO]   -> NOT converged, iters=14, LB=-0.3545, UB=-0.3544, d_norms=13
2026-07-03 17:59:25,968 [INFO] [492/1380] Processing config_3_21_5.pkl (i=3, t=21, n=5)
2026-07-03 17:59:26,108 [INFO]   -> NOT converged, iters=11, LB=-0.4126, UB=-0.4114, d_norms=10
2026-07-03 17:59:26,109 [INFO] [493/1380] Processing config_3_22_0.pkl (i=3, t=22, n=0)
2026-07-03 17:59:26,230 [INFO]   -> NOT converged, iters=9, LB=-0.1671, UB=-0.1666, d_norms=8
2026-07-03 17:59:26,232 [INFO] [494/1380] Processing config_3_22_1.pkl (i=3, t=22, n=1)
2026-07-03 17:59:26,355 [INFO]   -> NOT converged, iters=10, LB=-0.2130, UB=-0.2121, d_norms=9
2026-07-03 17:59:26,357 [INFO] [495/1380] Processing config_3_22_2.pkl (i=3, t=22, n=2)
2026-07-03 17:59:26,485 [INFO]   -> NOT converged, iters=10, LB=-0.1942, UB=-0.1938, d_norms=9
2026-07-03 17:59:26,487 [INFO] [496/1380] Processing config_3_22_3.pkl (i=3, t=22, n=3)
2026-07-03 17:59:26,678 [INFO]   -> NOT converged, iters=17, LB=-0.1524, UB=-0.1519, d_norms=16
2026-07-03 17:59:26,680 [INFO] [497/1380] Processing config_3_22_4.pkl (i=3, t=22, n=4)
2026-07-03 17:59:26,803 [INFO]   -> NOT converged, iters=10, LB=-0.1681, UB=-0.1675, d_norms=9
2026-07-03 17:59:26,804 [INFO] [498/1380] Processing config_3_22_5.pkl (i=3, t=22, n=5)
2026-07-03 17:59:26,940 [INFO]   -> NOT converged, iters=10, LB=-0.2201, UB=-0.2193, d_norms=9
2026-07-03 17:59:26,941 [INFO] [499/1380] Processing config_3_23_0.pkl (i=3, t=23, n=0)
2026-07-03 17:59:26,969 [INFO]   -> converged, iters=6, LB=66.2385, UB=66.5106, d_norms=5
2026-07-03 17:59:26,970 [INFO] [500/1380] Processing config_3_23_1.pkl (i=3, t=23, n=1)
2026-07-03 17:59:27,001 [INFO]   -> converged, iters=7, LB=24.8074, UB=24.9122, d_norms=6
2026-07-03 17:59:27,004 [INFO] [501/1380] Processing config_3_23_2.pkl (i=3, t=23, n=2)
2026-07-03 17:59:27,054 [INFO]   -> converged, iters=10, LB=13.6331, UB=13.6562, d_norms=9
2026-07-03 17:59:27,055 [INFO] [502/1380] Processing config_3_23_3.pkl (i=3, t=23, n=3)
2026-07-03 17:59:27,082 [INFO]   -> converged, iters=6, LB=149.4377, UB=149.8408, d_norms=5
2026-07-03 17:59:27,084 [INFO] [503/1380] Processing config_3_23_4.pkl (i=3, t=23, n=4)
2026-07-03 17:59:27,110 [INFO]   -> converged, iters=6, LB=129.7310, UB=130.1127, d_norms=5
2026-07-03 17:59:27,111 [INFO] [504/1380] Processing config_3_23_5.pkl (i=3, t=23, n=5)
2026-07-03 17:59:27,233 [INFO]   -> NOT converged, iters=19, LB=-0.0147, UB=-0.0147, d_norms=18
2026-07-03 17:59:27,235 [INFO] [505/1380] Processing config_3_2_0.pkl (i=3, t=2, n=0)
2026-07-03 17:59:27,375 [INFO]   -> NOT converged, iters=12, LB=-3.6644, UB=-3.6478, d_norms=11
2026-07-03 17:59:27,377 [INFO] [506/1380] Processing config_3_2_1.pkl (i=3, t=2, n=1)
2026-07-03 17:59:27,533 [INFO]   -> NOT converged, iters=16, LB=-3.6634, UB=-3.6562, d_norms=15
2026-07-03 17:59:27,535 [INFO] [507/1380] Processing config_3_2_2.pkl (i=3, t=2, n=2)
2026-07-03 17:59:27,722 [INFO]   -> NOT converged, iters=18, LB=-3.6518, UB=-3.6370, d_norms=17
2026-07-03 17:59:27,724 [INFO] [508/1380] Processing config_3_2_3.pkl (i=3, t=2, n=3)
2026-07-03 17:59:27,883 [INFO]   -> NOT converged, iters=15, LB=-3.6618, UB=-3.6557, d_norms=14
2026-07-03 17:59:27,885 [INFO] [509/1380] Processing config_3_2_4.pkl (i=3, t=2, n=4)
2026-07-03 17:59:28,040 [INFO]   -> NOT converged, iters=15, LB=-3.6667, UB=-3.6587, d_norms=14
2026-07-03 17:59:28,041 [INFO] [510/1380] Processing config_3_2_5.pkl (i=3, t=2, n=5)
2026-07-03 17:59:28,224 [INFO]   -> NOT converged, iters=18, LB=-3.6125, UB=-3.6021, d_norms=17
2026-07-03 17:59:28,226 [INFO] [511/1380] Processing config_3_3_0.pkl (i=3, t=3, n=0)
2026-07-03 17:59:28,399 [INFO]   -> NOT converged, iters=16, LB=-3.4903, UB=-3.4834, d_norms=15
2026-07-03 17:59:28,401 [INFO] [512/1380] Processing config_3_3_1.pkl (i=3, t=3, n=1)
2026-07-03 17:59:28,573 [INFO]   -> NOT converged, iters=16, LB=-3.4678, UB=-3.4607, d_norms=15
2026-07-03 17:59:28,574 [INFO] [513/1380] Processing config_3_3_2.pkl (i=3, t=3, n=2)
2026-07-03 17:59:28,746 [INFO]   -> NOT converged, iters=17, LB=-3.4603, UB=-3.4438, d_norms=16
2026-07-03 17:59:28,747 [INFO] [514/1380] Processing config_3_3_3.pkl (i=3, t=3, n=3)
2026-07-03 17:59:28,909 [INFO]   -> NOT converged, iters=16, LB=-3.5065, UB=-3.4910, d_norms=15
2026-07-03 17:59:28,910 [INFO] [515/1380] Processing config_3_3_4.pkl (i=3, t=3, n=4)
2026-07-03 17:59:29,055 [INFO]   -> NOT converged, iters=13, LB=-3.4477, UB=-3.4372, d_norms=12
2026-07-03 17:59:29,057 [INFO] [516/1380] Processing config_3_3_5.pkl (i=3, t=3, n=5)
2026-07-03 17:59:29,206 [INFO]   -> NOT converged, iters=14, LB=-3.4437, UB=-3.4378, d_norms=13
2026-07-03 17:59:29,208 [INFO] [517/1380] Processing config_3_4_0.pkl (i=3, t=4, n=0)
2026-07-03 17:59:29,372 [INFO]   -> NOT converged, iters=17, LB=-3.2573, UB=-3.2479, d_norms=16
2026-07-03 17:59:29,373 [INFO] [518/1380] Processing config_3_4_1.pkl (i=3, t=4, n=1)
2026-07-03 17:59:29,540 [INFO]   -> NOT converged, iters=16, LB=-3.2967, UB=-3.2875, d_norms=15
2026-07-03 17:59:29,541 [INFO] [519/1380] Processing config_3_4_2.pkl (i=3, t=4, n=2)
2026-07-03 17:59:29,700 [INFO]   -> NOT converged, iters=15, LB=-3.3033, UB=-3.2896, d_norms=14
2026-07-03 17:59:29,702 [INFO] [520/1380] Processing config_3_4_3.pkl (i=3, t=4, n=3)
2026-07-03 17:59:29,883 [INFO]   -> NOT converged, iters=18, LB=-3.2934, UB=-3.2877, d_norms=17
2026-07-03 17:59:29,885 [INFO] [521/1380] Processing config_3_4_4.pkl (i=3, t=4, n=4)
2026-07-03 17:59:30,060 [INFO]   -> NOT converged, iters=18, LB=-3.2764, UB=-3.2626, d_norms=17
2026-07-03 17:59:30,062 [INFO] [522/1380] Processing config_3_4_5.pkl (i=3, t=4, n=5)
2026-07-03 17:59:30,221 [INFO]   -> NOT converged, iters=17, LB=-3.2862, UB=-3.2800, d_norms=16
2026-07-03 17:59:30,222 [INFO] [523/1380] Processing config_3_5_0.pkl (i=3, t=5, n=0)
2026-07-03 17:59:30,392 [INFO]   -> NOT converged, iters=14, LB=-3.1177, UB=-3.1172, d_norms=13
2026-07-03 17:59:30,393 [INFO] [524/1380] Processing config_3_5_1.pkl (i=3, t=5, n=1)
2026-07-03 17:59:30,560 [INFO]   -> NOT converged, iters=14, LB=-3.1072, UB=-3.1067, d_norms=13
2026-07-03 17:59:30,561 [INFO] [525/1380] Processing config_3_5_2.pkl (i=3, t=5, n=2)
2026-07-03 17:59:30,683 [INFO]   -> NOT converged, iters=11, LB=-3.1480, UB=-3.1477, d_norms=10
2026-07-03 17:59:30,684 [INFO] [526/1380] Processing config_3_5_3.pkl (i=3, t=5, n=3)
2026-07-03 17:59:30,854 [INFO]   -> NOT converged, iters=15, LB=-3.1181, UB=-3.1176, d_norms=14
2026-07-03 17:59:30,855 [INFO] [527/1380] Processing config_3_5_4.pkl (i=3, t=5, n=4)
2026-07-03 17:59:31,037 [INFO]   -> NOT converged, iters=16, LB=-3.0980, UB=-3.0974, d_norms=15
2026-07-03 17:59:31,039 [INFO] [528/1380] Processing config_3_5_5.pkl (i=3, t=5, n=5)
2026-07-03 17:59:31,233 [INFO]   -> NOT converged, iters=17, LB=-3.1221, UB=-3.1217, d_norms=16
2026-07-03 17:59:31,235 [INFO] [529/1380] Processing config_3_6_0.pkl (i=3, t=6, n=0)
2026-07-03 17:59:31,391 [INFO]   -> NOT converged, iters=12, LB=-2.9604, UB=-2.9561, d_norms=11
2026-07-03 17:59:31,393 [INFO] [530/1380] Processing config_3_6_1.pkl (i=3, t=6, n=1)
2026-07-03 17:59:31,537 [INFO]   -> NOT converged, iters=12, LB=-2.9720, UB=-2.9636, d_norms=11
2026-07-03 17:59:31,538 [INFO] [531/1380] Processing config_3_6_2.pkl (i=3, t=6, n=2)
2026-07-03 17:59:31,686 [INFO]   -> NOT converged, iters=13, LB=-2.9355, UB=-2.9303, d_norms=12
2026-07-03 17:59:31,687 [INFO] [532/1380] Processing config_3_6_3.pkl (i=3, t=6, n=3)
2026-07-03 17:59:31,826 [INFO]   -> NOT converged, iters=13, LB=-2.9818, UB=-2.9691, d_norms=12
2026-07-03 17:59:31,828 [INFO] [533/1380] Processing config_3_6_4.pkl (i=3, t=6, n=4)
2026-07-03 17:59:31,938 [INFO]   -> NOT converged, iters=7, LB=-2.9417, UB=-2.9417, d_norms=6
2026-07-03 17:59:31,939 [INFO] [534/1380] Processing config_3_6_5.pkl (i=3, t=6, n=5)
2026-07-03 17:59:32,090 [INFO]   -> NOT converged, iters=12, LB=-2.9595, UB=-2.9550, d_norms=11
2026-07-03 17:59:32,091 [INFO] [535/1380] Processing config_3_7_0.pkl (i=3, t=7, n=0)
2026-07-03 17:59:32,277 [INFO]   -> NOT converged, iters=17, LB=-2.8049, UB=-2.7987, d_norms=16
2026-07-03 17:59:32,279 [INFO] [536/1380] Processing config_3_7_1.pkl (i=3, t=7, n=1)
2026-07-03 17:59:32,450 [INFO]   -> NOT converged, iters=16, LB=-2.7938, UB=-2.7803, d_norms=15
2026-07-03 17:59:32,451 [INFO] [537/1380] Processing config_3_7_2.pkl (i=3, t=7, n=2)
2026-07-03 17:59:32,579 [INFO]   -> NOT converged, iters=11, LB=-2.8148, UB=-2.8077, d_norms=10
2026-07-03 17:59:32,581 [INFO] [538/1380] Processing config_3_7_3.pkl (i=3, t=7, n=3)
2026-07-03 17:59:32,745 [INFO]   -> NOT converged, iters=14, LB=-2.8034, UB=-2.8025, d_norms=13
2026-07-03 17:59:32,746 [INFO] [539/1380] Processing config_3_7_4.pkl (i=3, t=7, n=4)
2026-07-03 17:59:32,910 [INFO]   -> NOT converged, iters=14, LB=-2.7856, UB=-2.7840, d_norms=13
2026-07-03 17:59:32,912 [INFO] [540/1380] Processing config_3_7_5.pkl (i=3, t=7, n=5)
2026-07-03 17:59:33,083 [INFO]   -> NOT converged, iters=14, LB=-2.8059, UB=-2.7979, d_norms=13
2026-07-03 17:59:33,083 [INFO] [541/1380] Processing config_3_8_0.pkl (i=3, t=8, n=0)
2026-07-03 17:59:33,247 [INFO]   -> NOT converged, iters=15, LB=-2.4750, UB=-2.4677, d_norms=14
2026-07-03 17:59:33,248 [INFO] [542/1380] Processing config_3_8_1.pkl (i=3, t=8, n=1)
2026-07-03 17:59:33,389 [INFO]   -> NOT converged, iters=11, LB=-2.6126, UB=-2.6020, d_norms=10
2026-07-03 17:59:33,391 [INFO] [543/1380] Processing config_3_8_2.pkl (i=3, t=8, n=2)
2026-07-03 17:59:33,509 [INFO]   -> NOT converged, iters=9, LB=-2.6100, UB=-2.6000, d_norms=8
2026-07-03 17:59:33,511 [INFO] [544/1380] Processing config_3_8_3.pkl (i=3, t=8, n=3)
2026-07-03 17:59:33,675 [INFO]   -> NOT converged, iters=15, LB=-2.5747, UB=-2.5675, d_norms=14
2026-07-03 17:59:33,687 [INFO] [545/1380] Processing config_3_8_4.pkl (i=3, t=8, n=4)
2026-07-03 17:59:33,856 [INFO]   -> NOT converged, iters=15, LB=-2.6321, UB=-2.6230, d_norms=14
2026-07-03 17:59:33,857 [INFO] [546/1380] Processing config_3_8_5.pkl (i=3, t=8, n=5)
2026-07-03 17:59:34,011 [INFO]   -> NOT converged, iters=12, LB=-2.6284, UB=-2.6218, d_norms=11
2026-07-03 17:59:34,012 [INFO] [547/1380] Processing config_3_9_0.pkl (i=3, t=9, n=0)
2026-07-03 17:59:34,169 [INFO]   -> NOT converged, iters=16, LB=-1.3299, UB=-1.3240, d_norms=15
2026-07-03 17:59:34,171 [INFO] [548/1380] Processing config_3_9_1.pkl (i=3, t=9, n=1)
2026-07-03 17:59:34,315 [INFO]   -> NOT converged, iters=13, LB=-1.3017, UB=-1.2975, d_norms=12
2026-07-03 17:59:34,318 [INFO] [549/1380] Processing config_3_9_2.pkl (i=3, t=9, n=2)
2026-07-03 17:59:34,468 [INFO]   -> NOT converged, iters=13, LB=-1.2970, UB=-1.2927, d_norms=12
2026-07-03 17:59:34,469 [INFO] [550/1380] Processing config_3_9_3.pkl (i=3, t=9, n=3)
2026-07-03 17:59:34,630 [INFO]   -> NOT converged, iters=16, LB=-1.3242, UB=-1.3181, d_norms=15
2026-07-03 17:59:34,631 [INFO] [551/1380] Processing config_3_9_4.pkl (i=3, t=9, n=4)
2026-07-03 17:59:34,796 [INFO]   -> NOT converged, iters=16, LB=-1.3059, UB=-1.3010, d_norms=15
2026-07-03 17:59:34,797 [INFO] [552/1380] Processing config_3_9_5.pkl (i=3, t=9, n=5)
2026-07-03 17:59:34,953 [INFO]   -> NOT converged, iters=15, LB=-1.2637, UB=-1.2617, d_norms=14
2026-07-03 17:59:34,954 [INFO] [553/1380] Processing config_4_10_0.pkl (i=4, t=10, n=0)
2026-07-03 17:59:35,112 [INFO]   -> NOT converged, iters=13, LB=-2.3345, UB=-2.3233, d_norms=12
2026-07-03 17:59:35,113 [INFO] [554/1380] Processing config_4_10_1.pkl (i=4, t=10, n=1)
2026-07-03 17:59:35,270 [INFO]   -> NOT converged, iters=14, LB=-2.3506, UB=-2.3396, d_norms=13
2026-07-03 17:59:35,272 [INFO] [555/1380] Processing config_4_10_2.pkl (i=4, t=10, n=2)
2026-07-03 17:59:35,440 [INFO]   -> NOT converged, iters=15, LB=-2.3054, UB=-2.2969, d_norms=14
2026-07-03 17:59:35,442 [INFO] [556/1380] Processing config_4_10_3.pkl (i=4, t=10, n=3)
2026-07-03 17:59:35,616 [INFO]   -> NOT converged, iters=15, LB=-2.3409, UB=-2.3304, d_norms=14
2026-07-03 17:59:35,618 [INFO] [557/1380] Processing config_4_10_4.pkl (i=4, t=10, n=4)
2026-07-03 17:59:35,781 [INFO]   -> NOT converged, iters=15, LB=-2.3473, UB=-2.3393, d_norms=14
2026-07-03 17:59:35,782 [INFO] [558/1380] Processing config_4_10_5.pkl (i=4, t=10, n=5)
2026-07-03 17:59:35,940 [INFO]   -> NOT converged, iters=13, LB=-2.3249, UB=-2.3165, d_norms=12
2026-07-03 17:59:35,942 [INFO] [559/1380] Processing config_4_11_0.pkl (i=4, t=11, n=0)
2026-07-03 17:59:36,091 [INFO]   -> NOT converged, iters=14, LB=-2.1410, UB=-2.1394, d_norms=13
2026-07-03 17:59:36,092 [INFO] [560/1380] Processing config_4_11_1.pkl (i=4, t=11, n=1)
2026-07-03 17:59:36,248 [INFO]   -> NOT converged, iters=13, LB=-2.1698, UB=-2.1634, d_norms=12
2026-07-03 17:59:36,250 [INFO] [561/1380] Processing config_4_11_2.pkl (i=4, t=11, n=2)
2026-07-03 17:59:36,413 [INFO]   -> NOT converged, iters=14, LB=-2.1847, UB=-2.1743, d_norms=13
2026-07-03 17:59:36,414 [INFO] [562/1380] Processing config_4_11_3.pkl (i=4, t=11, n=3)
2026-07-03 17:59:36,559 [INFO]   -> NOT converged, iters=14, LB=-2.2007, UB=-2.1935, d_norms=13
2026-07-03 17:59:36,560 [INFO] [563/1380] Processing config_4_11_4.pkl (i=4, t=11, n=4)
2026-07-03 17:59:36,698 [INFO]   -> NOT converged, iters=12, LB=-2.1497, UB=-2.1461, d_norms=11
2026-07-03 17:59:36,699 [INFO] [564/1380] Processing config_4_11_5.pkl (i=4, t=11, n=5)
2026-07-03 17:59:36,882 [INFO]   -> NOT converged, iters=13, LB=-2.1672, UB=-2.1629, d_norms=12
2026-07-03 17:59:36,883 [INFO] [565/1380] Processing config_4_12_0.pkl (i=4, t=12, n=0)
2026-07-03 17:59:37,035 [INFO]   -> NOT converged, iters=13, LB=-2.0110, UB=-2.0048, d_norms=12
2026-07-03 17:59:37,037 [INFO] [566/1380] Processing config_4_12_1.pkl (i=4, t=12, n=1)
2026-07-03 17:59:37,188 [INFO]   -> NOT converged, iters=13, LB=-2.0285, UB=-2.0237, d_norms=12
2026-07-03 17:59:37,190 [INFO] [567/1380] Processing config_4_12_2.pkl (i=4, t=12, n=2)
2026-07-03 17:59:37,373 [INFO]   -> NOT converged, iters=15, LB=-1.9967, UB=-1.9910, d_norms=14
2026-07-03 17:59:37,375 [INFO] [568/1380] Processing config_4_12_3.pkl (i=4, t=12, n=3)
2026-07-03 17:59:37,570 [INFO]   -> NOT converged, iters=15, LB=-2.0050, UB=-1.9981, d_norms=14
2026-07-03 17:59:37,572 [INFO] [569/1380] Processing config_4_12_4.pkl (i=4, t=12, n=4)
2026-07-03 17:59:37,726 [INFO]   -> NOT converged, iters=14, LB=-2.0540, UB=-2.0463, d_norms=13
2026-07-03 17:59:37,727 [INFO] [570/1380] Processing config_4_12_5.pkl (i=4, t=12, n=5)
2026-07-03 17:59:37,876 [INFO]   -> NOT converged, iters=13, LB=-1.9722, UB=-1.9636, d_norms=12
2026-07-03 17:59:37,877 [INFO] [571/1380] Processing config_4_13_0.pkl (i=4, t=13, n=0)
2026-07-03 17:59:38,033 [INFO]   -> NOT converged, iters=12, LB=-1.8373, UB=-1.8328, d_norms=11
2026-07-03 17:59:38,035 [INFO] [572/1380] Processing config_4_13_1.pkl (i=4, t=13, n=1)
2026-07-03 17:59:38,179 [INFO]   -> NOT converged, iters=12, LB=-1.8222, UB=-1.8177, d_norms=11
2026-07-03 17:59:38,180 [INFO] [573/1380] Processing config_4_13_2.pkl (i=4, t=13, n=2)
2026-07-03 17:59:38,353 [INFO]   -> NOT converged, iters=14, LB=-1.8181, UB=-1.8164, d_norms=13
2026-07-03 17:59:38,355 [INFO] [574/1380] Processing config_4_13_3.pkl (i=4, t=13, n=3)
2026-07-03 17:59:38,471 [INFO]   -> NOT converged, iters=9, LB=-1.8749, UB=-1.8749, d_norms=8
2026-07-03 17:59:38,472 [INFO] [575/1380] Processing config_4_13_4.pkl (i=4, t=13, n=4)
2026-07-03 17:59:38,640 [INFO]   -> NOT converged, iters=13, LB=-1.8510, UB=-1.8477, d_norms=12
2026-07-03 17:59:38,643 [INFO] [576/1380] Processing config_4_13_5.pkl (i=4, t=13, n=5)
2026-07-03 17:59:38,771 [INFO]   -> NOT converged, iters=10, LB=-1.8401, UB=-1.8398, d_norms=9
2026-07-03 17:59:38,772 [INFO] [577/1380] Processing config_4_14_0.pkl (i=4, t=14, n=0)
2026-07-03 17:59:38,931 [INFO]   -> NOT converged, iters=12, LB=-1.6758, UB=-1.6737, d_norms=11
2026-07-03 17:59:38,933 [INFO] [578/1380] Processing config_4_14_1.pkl (i=4, t=14, n=1)
2026-07-03 17:59:39,070 [INFO]   -> NOT converged, iters=10, LB=-1.6485, UB=-1.6453, d_norms=9
2026-07-03 17:59:39,071 [INFO] [579/1380] Processing config_4_14_2.pkl (i=4, t=14, n=2)
2026-07-03 17:59:39,230 [INFO]   -> NOT converged, iters=13, LB=-1.6685, UB=-1.6614, d_norms=12
2026-07-03 17:59:39,232 [INFO] [580/1380] Processing config_4_14_3.pkl (i=4, t=14, n=3)
2026-07-03 17:59:39,385 [INFO]   -> NOT converged, iters=14, LB=-1.6582, UB=-1.6506, d_norms=13
2026-07-03 17:59:39,387 [INFO] [581/1380] Processing config_4_14_4.pkl (i=4, t=14, n=4)
2026-07-03 17:59:39,518 [INFO]   -> NOT converged, iters=12, LB=-1.6619, UB=-1.6591, d_norms=11
2026-07-03 17:59:39,520 [INFO] [582/1380] Processing config_4_14_5.pkl (i=4, t=14, n=5)
2026-07-03 17:59:39,649 [INFO]   -> NOT converged, iters=10, LB=-1.6473, UB=-1.6444, d_norms=9
2026-07-03 17:59:39,650 [INFO] [583/1380] Processing config_4_15_0.pkl (i=4, t=15, n=0)
2026-07-03 17:59:39,815 [INFO]   -> NOT converged, iters=13, LB=-1.4544, UB=-1.4488, d_norms=12
2026-07-03 17:59:39,816 [INFO] [584/1380] Processing config_4_15_1.pkl (i=4, t=15, n=1)
2026-07-03 17:59:39,950 [INFO]   -> NOT converged, iters=10, LB=-1.4440, UB=-1.4431, d_norms=9
2026-07-03 17:59:39,951 [INFO] [585/1380] Processing config_4_15_2.pkl (i=4, t=15, n=2)
2026-07-03 17:59:40,116 [INFO]   -> NOT converged, iters=15, LB=-1.4766, UB=-1.4729, d_norms=14
2026-07-03 17:59:40,118 [INFO] [586/1380] Processing config_4_15_3.pkl (i=4, t=15, n=3)
2026-07-03 17:59:40,255 [INFO]   -> NOT converged, iters=10, LB=-1.5089, UB=-1.5017, d_norms=9
2026-07-03 17:59:40,256 [INFO] [587/1380] Processing config_4_15_4.pkl (i=4, t=15, n=4)
2026-07-03 17:59:40,405 [INFO]   -> NOT converged, iters=13, LB=-1.4820, UB=-1.4767, d_norms=12
2026-07-03 17:59:40,406 [INFO] [588/1380] Processing config_4_15_5.pkl (i=4, t=15, n=5)
2026-07-03 17:59:40,579 [INFO]   -> NOT converged, iters=15, LB=-1.4564, UB=-1.4498, d_norms=14
2026-07-03 17:59:40,581 [INFO] [589/1380] Processing config_4_16_0.pkl (i=4, t=16, n=0)
2026-07-03 17:59:40,751 [INFO]   -> NOT converged, iters=15, LB=-1.2954, UB=-1.2925, d_norms=14
2026-07-03 17:59:40,753 [INFO] [590/1380] Processing config_4_16_1.pkl (i=4, t=16, n=1)
2026-07-03 17:59:40,905 [INFO]   -> NOT converged, iters=13, LB=-1.2815, UB=-1.2809, d_norms=12
2026-07-03 17:59:40,907 [INFO] [591/1380] Processing config_4_16_2.pkl (i=4, t=16, n=2)
2026-07-03 17:59:41,045 [INFO]   -> NOT converged, iters=12, LB=-1.2878, UB=-1.2837, d_norms=11
2026-07-03 17:59:41,046 [INFO] [592/1380] Processing config_4_16_3.pkl (i=4, t=16, n=3)
2026-07-03 17:59:41,194 [INFO]   -> NOT converged, iters=12, LB=-1.3093, UB=-1.3081, d_norms=11
2026-07-03 17:59:41,195 [INFO] [593/1380] Processing config_4_16_4.pkl (i=4, t=16, n=4)
2026-07-03 17:59:41,341 [INFO]   -> NOT converged, iters=13, LB=-1.2816, UB=-1.2808, d_norms=12
2026-07-03 17:59:41,342 [INFO] [594/1380] Processing config_4_16_5.pkl (i=4, t=16, n=5)
2026-07-03 17:59:41,471 [INFO]   -> NOT converged, iters=10, LB=-1.3105, UB=-1.3044, d_norms=9
2026-07-03 17:59:41,472 [INFO] [595/1380] Processing config_4_17_0.pkl (i=4, t=17, n=0)
2026-07-03 17:59:41,632 [INFO]   -> NOT converged, iters=12, LB=-1.1296, UB=-1.1245, d_norms=11
2026-07-03 17:59:41,633 [INFO] [596/1380] Processing config_4_17_1.pkl (i=4, t=17, n=1)
2026-07-03 17:59:41,777 [INFO]   -> NOT converged, iters=13, LB=-1.1097, UB=-1.1095, d_norms=12
2026-07-03 17:59:41,779 [INFO] [597/1380] Processing config_4_17_2.pkl (i=4, t=17, n=2)
2026-07-03 17:59:41,924 [INFO]   -> NOT converged, iters=12, LB=-1.1270, UB=-1.1216, d_norms=11
2026-07-03 17:59:41,926 [INFO] [598/1380] Processing config_4_17_3.pkl (i=4, t=17, n=3)
2026-07-03 17:59:42,054 [INFO]   -> NOT converged, iters=11, LB=-1.0968, UB=-1.0964, d_norms=10
2026-07-03 17:59:42,055 [INFO] [599/1380] Processing config_4_17_4.pkl (i=4, t=17, n=4)
2026-07-03 17:59:42,184 [INFO]   -> NOT converged, iters=9, LB=-1.0892, UB=-1.0842, d_norms=8
2026-07-03 17:59:42,185 [INFO] [600/1380] Processing config_4_17_5.pkl (i=4, t=17, n=5)
2026-07-03 17:59:42,320 [INFO]   -> NOT converged, iters=12, LB=-1.1198, UB=-1.1157, d_norms=11
2026-07-03 17:59:42,321 [INFO] [601/1380] Processing config_4_18_0.pkl (i=4, t=18, n=0)
2026-07-03 17:59:42,476 [INFO]   -> NOT converged, iters=13, LB=-0.9537, UB=-0.9521, d_norms=12
2026-07-03 17:59:42,478 [INFO] [602/1380] Processing config_4_18_1.pkl (i=4, t=18, n=1)
2026-07-03 17:59:42,714 [INFO]   -> NOT converged, iters=19, LB=-0.9612, UB=-0.9590, d_norms=18
2026-07-03 17:59:42,715 [INFO] [603/1380] Processing config_4_18_2.pkl (i=4, t=18, n=2)
2026-07-03 17:59:42,862 [INFO]   -> NOT converged, iters=13, LB=-0.9787, UB=-0.9739, d_norms=12
2026-07-03 17:59:42,864 [INFO] [604/1380] Processing config_4_18_3.pkl (i=4, t=18, n=3)
2026-07-03 17:59:43,000 [INFO]   -> NOT converged, iters=13, LB=-0.9676, UB=-0.9648, d_norms=12
2026-07-03 17:59:43,001 [INFO] [605/1380] Processing config_4_18_4.pkl (i=4, t=18, n=4)
2026-07-03 17:59:43,161 [INFO]   -> NOT converged, iters=14, LB=-0.9411, UB=-0.9396, d_norms=13
2026-07-03 17:59:43,163 [INFO] [606/1380] Processing config_4_18_5.pkl (i=4, t=18, n=5)
2026-07-03 17:59:43,315 [INFO]   -> NOT converged, iters=13, LB=-0.9539, UB=-0.9513, d_norms=12
2026-07-03 17:59:43,316 [INFO] [607/1380] Processing config_4_19_0.pkl (i=4, t=19, n=0)
2026-07-03 17:59:43,475 [INFO]   -> NOT converged, iters=13, LB=-0.7805, UB=-0.7803, d_norms=12
2026-07-03 17:59:43,477 [INFO] [608/1380] Processing config_4_19_1.pkl (i=4, t=19, n=1)
2026-07-03 17:59:43,626 [INFO]   -> NOT converged, iters=14, LB=-0.7742, UB=-0.7739, d_norms=13
2026-07-03 17:59:43,627 [INFO] [609/1380] Processing config_4_19_2.pkl (i=4, t=19, n=2)
2026-07-03 17:59:43,768 [INFO]   -> NOT converged, iters=12, LB=-0.7634, UB=-0.7632, d_norms=11
2026-07-03 17:59:43,769 [INFO] [610/1380] Processing config_4_19_3.pkl (i=4, t=19, n=3)
2026-07-03 17:59:43,959 [INFO]   -> NOT converged, iters=17, LB=-0.7530, UB=-0.7528, d_norms=16
2026-07-03 17:59:43,960 [INFO] [611/1380] Processing config_4_19_4.pkl (i=4, t=19, n=4)
2026-07-03 17:59:44,115 [INFO]   -> NOT converged, iters=15, LB=-0.7700, UB=-0.7700, d_norms=14
2026-07-03 17:59:44,116 [INFO] [612/1380] Processing config_4_19_5.pkl (i=4, t=19, n=5)
2026-07-03 17:59:44,255 [INFO]   -> NOT converged, iters=12, LB=-0.7614, UB=-0.7603, d_norms=11
2026-07-03 17:59:44,257 [INFO] [613/1380] Processing config_4_1_0.pkl (i=4, t=1, n=0)
2026-07-03 17:59:44,463 [INFO]   -> NOT converged, iters=20, LB=-3.9291, UB=-3.9178, d_norms=19
2026-07-03 17:59:44,465 [INFO] [614/1380] Processing config_4_1_1.pkl (i=4, t=1, n=1)
2026-07-03 17:59:44,707 [INFO]   -> NOT converged, iters=22, LB=-3.9235, UB=-3.9126, d_norms=21
2026-07-03 17:59:44,708 [INFO] [615/1380] Processing config_4_1_2.pkl (i=4, t=1, n=2)
2026-07-03 17:59:44,935 [INFO]   -> NOT converged, iters=20, LB=-3.8898, UB=-3.8784, d_norms=19
2026-07-03 17:59:44,937 [INFO] [616/1380] Processing config_4_1_3.pkl (i=4, t=1, n=3)
2026-07-03 17:59:45,153 [INFO]   -> NOT converged, iters=20, LB=-3.8490, UB=-3.8300, d_norms=19
2026-07-03 17:59:45,154 [INFO] [617/1380] Processing config_4_1_4.pkl (i=4, t=1, n=4)
2026-07-03 17:59:45,368 [INFO]   -> NOT converged, iters=19, LB=-3.8722, UB=-3.8579, d_norms=18
2026-07-03 17:59:45,370 [INFO] [618/1380] Processing config_4_1_5.pkl (i=4, t=1, n=5)
2026-07-03 17:59:45,581 [INFO]   -> NOT converged, iters=20, LB=-3.8822, UB=-3.8743, d_norms=19
2026-07-03 17:59:45,582 [INFO] [619/1380] Processing config_4_20_0.pkl (i=4, t=20, n=0)
2026-07-03 17:59:45,742 [INFO]   -> NOT converged, iters=13, LB=-0.5826, UB=-0.5805, d_norms=12
2026-07-03 17:59:45,744 [INFO] [620/1380] Processing config_4_20_1.pkl (i=4, t=20, n=1)
2026-07-03 17:59:45,901 [INFO]   -> NOT converged, iters=13, LB=-0.5772, UB=-0.5761, d_norms=12
2026-07-03 17:59:45,902 [INFO] [621/1380] Processing config_4_20_2.pkl (i=4, t=20, n=2)
2026-07-03 17:59:46,118 [INFO]   -> NOT converged, iters=17, LB=-0.6040, UB=-0.6027, d_norms=16
2026-07-03 17:59:46,120 [INFO] [622/1380] Processing config_4_20_3.pkl (i=4, t=20, n=3)
2026-07-03 17:59:46,302 [INFO]   -> NOT converged, iters=15, LB=-0.6096, UB=-0.6081, d_norms=14
2026-07-03 17:59:46,304 [INFO] [623/1380] Processing config_4_20_4.pkl (i=4, t=20, n=4)
2026-07-03 17:59:46,453 [INFO]   -> NOT converged, iters=13, LB=-0.5343, UB=-0.5321, d_norms=12
2026-07-03 17:59:46,454 [INFO] [624/1380] Processing config_4_20_5.pkl (i=4, t=20, n=5)
2026-07-03 17:59:46,598 [INFO]   -> NOT converged, iters=13, LB=-0.5802, UB=-0.5778, d_norms=12
2026-07-03 17:59:46,600 [INFO] [625/1380] Processing config_4_21_0.pkl (i=4, t=21, n=0)
2026-07-03 17:59:46,736 [INFO]   -> NOT converged, iters=11, LB=-0.4096, UB=-0.4086, d_norms=10
2026-07-03 17:59:46,737 [INFO] [626/1380] Processing config_4_21_1.pkl (i=4, t=21, n=1)
2026-07-03 17:59:46,889 [INFO]   -> NOT converged, iters=13, LB=-0.3804, UB=-0.3803, d_norms=12
2026-07-03 17:59:46,890 [INFO] [627/1380] Processing config_4_21_2.pkl (i=4, t=21, n=2)
2026-07-03 17:59:47,066 [INFO]   -> NOT converged, iters=16, LB=-0.3990, UB=-0.3976, d_norms=15
2026-07-03 17:59:47,068 [INFO] [628/1380] Processing config_4_21_3.pkl (i=4, t=21, n=3)
2026-07-03 17:59:47,217 [INFO]   -> NOT converged, iters=13, LB=-0.4716, UB=-0.4693, d_norms=12
2026-07-03 17:59:47,218 [INFO] [629/1380] Processing config_4_21_4.pkl (i=4, t=21, n=4)
2026-07-03 17:59:47,380 [INFO]   -> NOT converged, iters=14, LB=-0.3787, UB=-0.3780, d_norms=13
2026-07-03 17:59:47,381 [INFO] [630/1380] Processing config_4_21_5.pkl (i=4, t=21, n=5)
2026-07-03 17:59:47,525 [INFO]   -> NOT converged, iters=12, LB=-0.4361, UB=-0.4350, d_norms=11
2026-07-03 17:59:47,527 [INFO] [631/1380] Processing config_4_22_0.pkl (i=4, t=22, n=0)
2026-07-03 17:59:47,693 [INFO]   -> NOT converged, iters=16, LB=-0.1801, UB=-0.1797, d_norms=15
2026-07-03 17:59:47,694 [INFO] [632/1380] Processing config_4_22_1.pkl (i=4, t=22, n=1)
2026-07-03 17:59:47,859 [INFO]   -> NOT converged, iters=14, LB=-0.2289, UB=-0.2279, d_norms=13
2026-07-03 17:59:47,861 [INFO] [633/1380] Processing config_4_22_2.pkl (i=4, t=22, n=2)
2026-07-03 17:59:48,011 [INFO]   -> NOT converged, iters=11, LB=-0.2082, UB=-0.2078, d_norms=10
2026-07-03 17:59:48,013 [INFO] [634/1380] Processing config_4_22_3.pkl (i=4, t=22, n=3)
2026-07-03 17:59:48,191 [INFO]   -> NOT converged, iters=17, LB=-0.1616, UB=-0.1610, d_norms=16
2026-07-03 17:59:48,193 [INFO] [635/1380] Processing config_4_22_4.pkl (i=4, t=22, n=4)
2026-07-03 17:59:48,360 [INFO]   -> NOT converged, iters=17, LB=-0.1732, UB=-0.1728, d_norms=16
2026-07-03 17:59:48,362 [INFO] [636/1380] Processing config_4_22_5.pkl (i=4, t=22, n=5)
2026-07-03 17:59:48,547 [INFO]   -> NOT converged, iters=15, LB=-0.2365, UB=-0.2361, d_norms=14
2026-07-03 17:59:48,548 [INFO] [637/1380] Processing config_4_23_0.pkl (i=4, t=23, n=0)
2026-07-03 17:59:48,636 [INFO]   -> converged, iters=13, LB=16.0269, UB=16.0883, d_norms=12
2026-07-03 17:59:48,637 [INFO] [638/1380] Processing config_4_23_1.pkl (i=4, t=23, n=1)
2026-07-03 17:59:48,722 [INFO]   -> converged, iters=13, LB=12.1963, UB=12.2503, d_norms=12
2026-07-03 17:59:48,724 [INFO] [639/1380] Processing config_4_23_2.pkl (i=4, t=23, n=2)
2026-07-03 17:59:48,840 [INFO]   -> converged, iters=16, LB=7.3287, UB=7.3431, d_norms=15
2026-07-03 17:59:48,842 [INFO] [640/1380] Processing config_4_23_3.pkl (i=4, t=23, n=3)
2026-07-03 17:59:48,878 [INFO]   -> converged, iters=7, LB=51.2863, UB=51.4321, d_norms=6
2026-07-03 17:59:48,880 [INFO] [641/1380] Processing config_4_23_4.pkl (i=4, t=23, n=4)
2026-07-03 17:59:48,923 [INFO]   -> converged, iters=8, LB=38.9115, UB=39.0124, d_norms=7
2026-07-03 17:59:48,925 [INFO] [642/1380] Processing config_4_23_5.pkl (i=4, t=23, n=5)
2026-07-03 17:59:49,126 [INFO]   -> NOT converged, iters=27, LB=-0.0033, UB=-0.0033, d_norms=26
2026-07-03 17:59:49,128 [INFO] [643/1380] Processing config_4_2_0.pkl (i=4, t=2, n=0)
2026-07-03 17:59:49,273 [INFO]   -> NOT converged, iters=12, LB=-3.6951, UB=-3.6785, d_norms=11
2026-07-03 17:59:49,276 [INFO] [644/1380] Processing config_4_2_1.pkl (i=4, t=2, n=1)
2026-07-03 17:59:49,451 [INFO]   -> NOT converged, iters=17, LB=-3.7036, UB=-3.6869, d_norms=16
2026-07-03 17:59:49,452 [INFO] [645/1380] Processing config_4_2_2.pkl (i=4, t=2, n=2)
2026-07-03 17:59:49,642 [INFO]   -> NOT converged, iters=18, LB=-3.6825, UB=-3.6677, d_norms=17
2026-07-03 17:59:49,643 [INFO] [646/1380] Processing config_4_2_3.pkl (i=4, t=2, n=3)
2026-07-03 17:59:49,805 [INFO]   -> NOT converged, iters=15, LB=-3.6926, UB=-3.6865, d_norms=14
2026-07-03 17:59:49,806 [INFO] [647/1380] Processing config_4_2_4.pkl (i=4, t=2, n=4)
2026-07-03 17:59:49,969 [INFO]   -> NOT converged, iters=15, LB=-3.6963, UB=-3.6894, d_norms=14
2026-07-03 17:59:49,971 [INFO] [648/1380] Processing config_4_2_5.pkl (i=4, t=2, n=5)
2026-07-03 17:59:50,155 [INFO]   -> NOT converged, iters=18, LB=-3.6428, UB=-3.6328, d_norms=17
2026-07-03 17:59:50,156 [INFO] [649/1380] Processing config_4_3_0.pkl (i=4, t=3, n=0)
2026-07-03 17:59:50,346 [INFO]   -> NOT converged, iters=18, LB=-3.5285, UB=-3.5185, d_norms=17
2026-07-03 17:59:50,347 [INFO] [650/1380] Processing config_4_3_1.pkl (i=4, t=3, n=1)
2026-07-03 17:59:50,493 [INFO]   -> NOT converged, iters=13, LB=-3.5060, UB=-3.4947, d_norms=12
2026-07-03 17:59:50,494 [INFO] [651/1380] Processing config_4_3_2.pkl (i=4, t=3, n=2)
2026-07-03 17:59:50,646 [INFO]   -> NOT converged, iters=13, LB=-3.4865, UB=-3.4779, d_norms=12
2026-07-03 17:59:50,648 [INFO] [652/1380] Processing config_4_3_3.pkl (i=4, t=3, n=3)
2026-07-03 17:59:50,800 [INFO]   -> NOT converged, iters=14, LB=-3.5433, UB=-3.5281, d_norms=13
2026-07-03 17:59:50,802 [INFO] [653/1380] Processing config_4_3_4.pkl (i=4, t=3, n=4)
2026-07-03 17:59:50,967 [INFO]   -> NOT converged, iters=15, LB=-3.4788, UB=-3.4716, d_norms=14
2026-07-03 17:59:50,968 [INFO] [654/1380] Processing config_4_3_5.pkl (i=4, t=3, n=5)
2026-07-03 17:59:51,123 [INFO]   -> NOT converged, iters=14, LB=-3.4819, UB=-3.4693, d_norms=13
2026-07-03 17:59:51,125 [INFO] [655/1380] Processing config_4_4_0.pkl (i=4, t=4, n=0)
2026-07-03 17:59:51,270 [INFO]   -> NOT converged, iters=13, LB=-3.2925, UB=-3.2801, d_norms=12
2026-07-03 17:59:51,271 [INFO] [656/1380] Processing config_4_4_1.pkl (i=4, t=4, n=1)
2026-07-03 17:59:51,417 [INFO]   -> NOT converged, iters=14, LB=-3.3287, UB=-3.3190, d_norms=13
2026-07-03 17:59:51,419 [INFO] [657/1380] Processing config_4_4_2.pkl (i=4, t=4, n=2)
2026-07-03 17:59:51,577 [INFO]   -> NOT converged, iters=15, LB=-3.3294, UB=-3.3243, d_norms=14
2026-07-03 17:59:51,579 [INFO] [658/1380] Processing config_4_4_3.pkl (i=4, t=4, n=3)
2026-07-03 17:59:51,734 [INFO]   -> NOT converged, iters=14, LB=-3.3350, UB=-3.3215, d_norms=13
2026-07-03 17:59:51,736 [INFO] [659/1380] Processing config_4_4_4.pkl (i=4, t=4, n=4)
2026-07-03 17:59:51,902 [INFO]   -> NOT converged, iters=15, LB=-3.3030, UB=-3.2949, d_norms=14
2026-07-03 17:59:51,904 [INFO] [660/1380] Processing config_4_4_5.pkl (i=4, t=4, n=5)
2026-07-03 17:59:52,062 [INFO]   -> NOT converged, iters=14, LB=-3.3178, UB=-3.3115, d_norms=13
2026-07-03 17:59:52,064 [INFO] [661/1380] Processing config_4_5_0.pkl (i=4, t=5, n=0)
2026-07-03 17:59:52,231 [INFO]   -> NOT converged, iters=14, LB=-3.1496, UB=-3.1491, d_norms=13
2026-07-03 17:59:52,234 [INFO] [662/1380] Processing config_4_5_1.pkl (i=4, t=5, n=1)
2026-07-03 17:59:52,425 [INFO]   -> NOT converged, iters=15, LB=-3.1391, UB=-3.1386, d_norms=14
2026-07-03 17:59:52,427 [INFO] [663/1380] Processing config_4_5_2.pkl (i=4, t=5, n=2)
2026-07-03 17:59:52,574 [INFO]   -> NOT converged, iters=11, LB=-3.1799, UB=-3.1778, d_norms=10
2026-07-03 17:59:52,575 [INFO] [664/1380] Processing config_4_5_3.pkl (i=4, t=5, n=3)
2026-07-03 17:59:52,747 [INFO]   -> NOT converged, iters=15, LB=-3.1500, UB=-3.1496, d_norms=14
2026-07-03 17:59:52,749 [INFO] [665/1380] Processing config_4_5_4.pkl (i=4, t=5, n=4)
2026-07-03 17:59:52,881 [INFO]   -> NOT converged, iters=10, LB=-3.1299, UB=-3.1299, d_norms=9
2026-07-03 17:59:52,893 [INFO] [666/1380] Processing config_4_5_5.pkl (i=4, t=5, n=5)
2026-07-03 17:59:53,084 [INFO]   -> NOT converged, iters=17, LB=-3.1540, UB=-3.1536, d_norms=16
2026-07-03 17:59:53,086 [INFO] [667/1380] Processing config_4_6_0.pkl (i=4, t=6, n=0)
2026-07-03 17:59:53,226 [INFO]   -> NOT converged, iters=11, LB=-2.9827, UB=-2.9736, d_norms=10
2026-07-03 17:59:53,227 [INFO] [668/1380] Processing config_4_6_1.pkl (i=4, t=6, n=1)
2026-07-03 17:59:53,409 [INFO]   -> NOT converged, iters=16, LB=-2.9949, UB=-2.9807, d_norms=15
2026-07-03 17:59:53,411 [INFO] [669/1380] Processing config_4_6_2.pkl (i=4, t=6, n=2)
2026-07-03 17:59:53,558 [INFO]   -> NOT converged, iters=12, LB=-2.9627, UB=-2.9527, d_norms=11
2026-07-03 17:59:53,559 [INFO] [670/1380] Processing config_4_6_3.pkl (i=4, t=6, n=3)
2026-07-03 17:59:53,662 [INFO]   -> NOT converged, iters=7, LB=-3.0055, UB=-3.0055, d_norms=6
2026-07-03 17:59:53,663 [INFO] [671/1380] Processing config_4_6_4.pkl (i=4, t=6, n=4)
2026-07-03 17:59:53,806 [INFO]   -> NOT converged, iters=12, LB=-2.9689, UB=-2.9589, d_norms=11
2026-07-03 17:59:53,808 [INFO] [672/1380] Processing config_4_6_5.pkl (i=4, t=6, n=5)
2026-07-03 17:59:53,978 [INFO]   -> NOT converged, iters=14, LB=-2.9790, UB=-2.9727, d_norms=13
2026-07-03 17:59:53,981 [INFO] [673/1380] Processing config_4_7_0.pkl (i=4, t=7, n=0)
2026-07-03 17:59:54,195 [INFO]   -> NOT converged, iters=16, LB=-2.8338, UB=-2.8294, d_norms=15
2026-07-03 17:59:54,197 [INFO] [674/1380] Processing config_4_7_1.pkl (i=4, t=7, n=1)
2026-07-03 17:59:54,363 [INFO]   -> NOT converged, iters=14, LB=-2.8068, UB=-2.8024, d_norms=13
2026-07-03 17:59:54,364 [INFO] [675/1380] Processing config_4_7_2.pkl (i=4, t=7, n=2)
2026-07-03 17:59:54,527 [INFO]   -> NOT converged, iters=15, LB=-2.8399, UB=-2.8369, d_norms=14
2026-07-03 17:59:54,529 [INFO] [676/1380] Processing config_4_7_3.pkl (i=4, t=7, n=3)
2026-07-03 17:59:54,707 [INFO]   -> NOT converged, iters=13, LB=-2.8343, UB=-2.8285, d_norms=12
2026-07-03 17:59:54,709 [INFO] [677/1380] Processing config_4_7_4.pkl (i=4, t=7, n=4)
2026-07-03 17:59:54,870 [INFO]   -> NOT converged, iters=12, LB=-2.8212, UB=-2.8082, d_norms=11
2026-07-03 17:59:54,871 [INFO] [678/1380] Processing config_4_7_5.pkl (i=4, t=7, n=5)
2026-07-03 17:59:55,053 [INFO]   -> NOT converged, iters=16, LB=-2.8332, UB=-2.8285, d_norms=15
2026-07-03 17:59:55,054 [INFO] [679/1380] Processing config_4_8_0.pkl (i=4, t=8, n=0)
2026-07-03 17:59:55,206 [INFO]   -> NOT converged, iters=14, LB=-2.6257, UB=-2.6196, d_norms=13
2026-07-03 17:59:55,208 [INFO] [680/1380] Processing config_4_8_1.pkl (i=4, t=8, n=1)
2026-07-03 17:59:55,389 [INFO]   -> NOT converged, iters=19, LB=-2.6502, UB=-2.6444, d_norms=18
2026-07-03 17:59:55,390 [INFO] [681/1380] Processing config_4_8_2.pkl (i=4, t=8, n=2)
2026-07-03 17:59:55,545 [INFO]   -> NOT converged, iters=15, LB=-2.6421, UB=-2.6357, d_norms=14
2026-07-03 17:59:55,547 [INFO] [682/1380] Processing config_4_8_3.pkl (i=4, t=8, n=3)
2026-07-03 17:59:55,712 [INFO]   -> NOT converged, iters=15, LB=-2.6456, UB=-2.6377, d_norms=14
2026-07-03 17:59:55,714 [INFO] [683/1380] Processing config_4_8_4.pkl (i=4, t=8, n=4)
2026-07-03 17:59:55,893 [INFO]   -> NOT converged, iters=15, LB=-2.6840, UB=-2.6715, d_norms=14
2026-07-03 17:59:55,894 [INFO] [684/1380] Processing config_4_8_5.pkl (i=4, t=8, n=5)
2026-07-03 17:59:56,070 [INFO]   -> NOT converged, iters=13, LB=-2.6812, UB=-2.6701, d_norms=12
2026-07-03 17:59:56,072 [INFO] [685/1380] Processing config_4_9_0.pkl (i=4, t=9, n=0)
2026-07-03 17:59:56,230 [INFO]   -> NOT converged, iters=14, LB=-2.5245, UB=-2.5154, d_norms=13
2026-07-03 17:59:56,231 [INFO] [686/1380] Processing config_4_9_1.pkl (i=4, t=9, n=1)
2026-07-03 17:59:56,391 [INFO]   -> NOT converged, iters=13, LB=-2.4964, UB=-2.4854, d_norms=12
2026-07-03 17:59:56,393 [INFO] [687/1380] Processing config_4_9_2.pkl (i=4, t=9, n=2)
2026-07-03 17:59:56,556 [INFO]   -> NOT converged, iters=13, LB=-2.4868, UB=-2.4782, d_norms=12
2026-07-03 17:59:56,557 [INFO] [688/1380] Processing config_4_9_3.pkl (i=4, t=9, n=3)
2026-07-03 17:59:56,714 [INFO]   -> NOT converged, iters=16, LB=-2.5167, UB=-2.5090, d_norms=15
2026-07-03 17:59:56,716 [INFO] [689/1380] Processing config_4_9_4.pkl (i=4, t=9, n=4)
2026-07-03 17:59:56,888 [INFO]   -> NOT converged, iters=16, LB=-2.4994, UB=-2.4934, d_norms=15
2026-07-03 17:59:56,890 [INFO] [690/1380] Processing config_4_9_5.pkl (i=4, t=9, n=5)
2026-07-03 17:59:57,064 [INFO]   -> NOT converged, iters=14, LB=-2.4507, UB=-2.4444, d_norms=13
2026-07-03 17:59:57,065 [INFO] [691/1380] Processing config_5_10_0.pkl (i=5, t=10, n=0)
2026-07-03 17:59:57,236 [INFO]   -> NOT converged, iters=14, LB=-2.3719, UB=-2.3682, d_norms=13
2026-07-03 17:59:57,239 [INFO] [692/1380] Processing config_5_10_1.pkl (i=5, t=10, n=1)
2026-07-03 17:59:57,378 [INFO]   -> NOT converged, iters=11, LB=-2.3853, UB=-2.3806, d_norms=10
2026-07-03 17:59:57,380 [INFO] [693/1380] Processing config_5_10_2.pkl (i=5, t=10, n=2)
2026-07-03 17:59:57,543 [INFO]   -> NOT converged, iters=14, LB=-2.3475, UB=-2.3434, d_norms=13
2026-07-03 17:59:57,545 [INFO] [694/1380] Processing config_5_10_3.pkl (i=5, t=10, n=3)
2026-07-03 17:59:57,711 [INFO]   -> NOT converged, iters=15, LB=-2.3790, UB=-2.3747, d_norms=14
2026-07-03 17:59:57,712 [INFO] [695/1380] Processing config_5_10_4.pkl (i=5, t=10, n=4)
2026-07-03 17:59:57,886 [INFO]   -> NOT converged, iters=16, LB=-2.3844, UB=-2.3726, d_norms=15
2026-07-03 17:59:57,887 [INFO] [696/1380] Processing config_5_10_5.pkl (i=5, t=10, n=5)
2026-07-03 17:59:58,055 [INFO]   -> NOT converged, iters=15, LB=-2.3658, UB=-2.3620, d_norms=14
2026-07-03 17:59:58,057 [INFO] [697/1380] Processing config_5_11_0.pkl (i=5, t=11, n=0)
2026-07-03 17:59:58,211 [INFO]   -> NOT converged, iters=13, LB=-2.1819, UB=-2.1737, d_norms=12
2026-07-03 17:59:58,213 [INFO] [698/1380] Processing config_5_11_1.pkl (i=5, t=11, n=1)
2026-07-03 17:59:58,332 [INFO]   -> NOT converged, iters=7, LB=-2.2046, UB=-2.2046, d_norms=6
2026-07-03 17:59:58,333 [INFO] [699/1380] Processing config_5_11_2.pkl (i=5, t=11, n=2)
2026-07-03 17:59:58,508 [INFO]   -> NOT converged, iters=15, LB=-2.2258, UB=-2.2167, d_norms=14
2026-07-03 17:59:58,509 [INFO] [700/1380] Processing config_5_11_3.pkl (i=5, t=11, n=3)
2026-07-03 17:59:58,666 [INFO]   -> NOT converged, iters=15, LB=-2.2361, UB=-2.2340, d_norms=14
2026-07-03 17:59:58,667 [INFO] [701/1380] Processing config_5_11_4.pkl (i=5, t=11, n=4)
2026-07-03 17:59:58,814 [INFO]   -> NOT converged, iters=12, LB=-2.1872, UB=-2.1804, d_norms=11
2026-07-03 17:59:58,816 [INFO] [702/1380] Processing config_5_11_5.pkl (i=5, t=11, n=5)
2026-07-03 17:59:58,960 [INFO]   -> NOT converged, iters=11, LB=-2.2042, UB=-2.2042, d_norms=10
2026-07-03 17:59:58,961 [INFO] [703/1380] Processing config_5_12_0.pkl (i=5, t=12, n=0)
2026-07-03 17:59:59,137 [INFO]   -> NOT converged, iters=15, LB=-2.0511, UB=-2.0472, d_norms=14
2026-07-03 17:59:59,139 [INFO] [704/1380] Processing config_5_12_1.pkl (i=5, t=12, n=1)
2026-07-03 17:59:59,263 [INFO]   -> NOT converged, iters=11, LB=-2.0682, UB=-2.0593, d_norms=10
2026-07-03 17:59:59,265 [INFO] [705/1380] Processing config_5_12_2.pkl (i=5, t=12, n=2)
2026-07-03 17:59:59,429 [INFO]   -> NOT converged, iters=14, LB=-2.0318, UB=-2.0279, d_norms=13
2026-07-03 17:59:59,431 [INFO] [706/1380] Processing config_5_12_3.pkl (i=5, t=12, n=3)
2026-07-03 17:59:59,594 [INFO]   -> NOT converged, iters=14, LB=-2.0387, UB=-2.0348, d_norms=13
2026-07-03 17:59:59,595 [INFO] [707/1380] Processing config_5_12_4.pkl (i=5, t=12, n=4)
2026-07-03 17:59:59,724 [INFO]   -> NOT converged, iters=12, LB=-2.0879, UB=-2.0818, d_norms=11
2026-07-03 17:59:59,725 [INFO] [708/1380] Processing config_5_12_5.pkl (i=5, t=12, n=5)
2026-07-03 17:59:59,868 [INFO]   -> NOT converged, iters=13, LB=-2.0090, UB=-2.0048, d_norms=12
2026-07-03 17:59:59,871 [INFO] [709/1380] Processing config_5_13_0.pkl (i=5, t=13, n=0)
2026-07-03 18:00:00,023 [INFO]   -> NOT converged, iters=13, LB=-1.8668, UB=-1.8593, d_norms=12
2026-07-03 18:00:00,024 [INFO] [710/1380] Processing config_5_13_1.pkl (i=5, t=13, n=1)
2026-07-03 18:00:00,176 [INFO]   -> NOT converged, iters=14, LB=-1.8598, UB=-1.8509, d_norms=13
2026-07-03 18:00:00,177 [INFO] [711/1380] Processing config_5_13_2.pkl (i=5, t=13, n=2)
2026-07-03 18:00:00,329 [INFO]   -> NOT converged, iters=14, LB=-1.8476, UB=-1.8461, d_norms=13
2026-07-03 18:00:00,330 [INFO] [712/1380] Processing config_5_13_3.pkl (i=5, t=13, n=3)
2026-07-03 18:00:00,494 [INFO]   -> NOT converged, iters=16, LB=-1.9083, UB=-1.9021, d_norms=15
2026-07-03 18:00:00,495 [INFO] [713/1380] Processing config_5_13_4.pkl (i=5, t=13, n=4)
2026-07-03 18:00:00,607 [INFO]   -> NOT converged, iters=7, LB=-1.8805, UB=-1.8793, d_norms=6
2026-07-03 18:00:00,609 [INFO] [714/1380] Processing config_5_13_5.pkl (i=5, t=13, n=5)
2026-07-03 18:00:00,760 [INFO]   -> NOT converged, iters=13, LB=-1.8711, UB=-1.8701, d_norms=12
2026-07-03 18:00:00,761 [INFO] [715/1380] Processing config_5_14_0.pkl (i=5, t=14, n=0)
2026-07-03 18:00:00,914 [INFO]   -> NOT converged, iters=14, LB=-1.7002, UB=-1.6965, d_norms=13
2026-07-03 18:00:00,915 [INFO] [716/1380] Processing config_5_14_1.pkl (i=5, t=14, n=1)
2026-07-03 18:00:01,085 [INFO]   -> NOT converged, iters=16, LB=-1.6723, UB=-1.6695, d_norms=15
2026-07-03 18:00:01,086 [INFO] [717/1380] Processing config_5_14_2.pkl (i=5, t=14, n=2)
2026-07-03 18:00:01,248 [INFO]   -> NOT converged, iters=16, LB=-1.6898, UB=-1.6864, d_norms=15
2026-07-03 18:00:01,249 [INFO] [718/1380] Processing config_5_14_3.pkl (i=5, t=14, n=3)
2026-07-03 18:00:01,423 [INFO]   -> NOT converged, iters=17, LB=-1.6811, UB=-1.6756, d_norms=16
2026-07-03 18:00:01,424 [INFO] [719/1380] Processing config_5_14_4.pkl (i=5, t=14, n=4)
2026-07-03 18:00:01,598 [INFO]   -> NOT converged, iters=16, LB=-1.6859, UB=-1.6855, d_norms=15
2026-07-03 18:00:01,600 [INFO] [720/1380] Processing config_5_14_5.pkl (i=5, t=14, n=5)
2026-07-03 18:00:01,777 [INFO]   -> NOT converged, iters=17, LB=-1.6766, UB=-1.6687, d_norms=16
2026-07-03 18:00:01,778 [INFO] [721/1380] Processing config_5_15_0.pkl (i=5, t=15, n=0)
2026-07-03 18:00:01,903 [INFO]   -> NOT converged, iters=10, LB=-1.4759, UB=-1.4715, d_norms=9
2026-07-03 18:00:01,904 [INFO] [722/1380] Processing config_5_15_1.pkl (i=5, t=15, n=1)
2026-07-03 18:00:02,062 [INFO]   -> NOT converged, iters=15, LB=-1.4726, UB=-1.4692, d_norms=14
2026-07-03 18:00:02,064 [INFO] [723/1380] Processing config_5_15_2.pkl (i=5, t=15, n=2)
2026-07-03 18:00:02,204 [INFO]   -> NOT converged, iters=12, LB=-1.5010, UB=-1.5010, d_norms=11
2026-07-03 18:00:02,206 [INFO] [724/1380] Processing config_5_15_3.pkl (i=5, t=15, n=3)
2026-07-03 18:00:02,354 [INFO]   -> NOT converged, iters=11, LB=-1.5299, UB=-1.5271, d_norms=10
2026-07-03 18:00:02,355 [INFO] [725/1380] Processing config_5_15_4.pkl (i=5, t=15, n=4)
2026-07-03 18:00:02,484 [INFO]   -> NOT converged, iters=10, LB=-1.5047, UB=-1.5009, d_norms=9
2026-07-03 18:00:02,485 [INFO] [726/1380] Processing config_5_15_5.pkl (i=5, t=15, n=5)
2026-07-03 18:00:02,626 [INFO]   -> NOT converged, iters=13, LB=-1.4768, UB=-1.4767, d_norms=12
2026-07-03 18:00:02,627 [INFO] [727/1380] Processing config_5_16_0.pkl (i=5, t=16, n=0)
2026-07-03 18:00:02,792 [INFO]   -> NOT converged, iters=15, LB=-1.3262, UB=-1.3198, d_norms=14
2026-07-03 18:00:02,793 [INFO] [728/1380] Processing config_5_16_1.pkl (i=5, t=16, n=1)
2026-07-03 18:00:02,978 [INFO]   -> NOT converged, iters=16, LB=-1.3079, UB=-1.3059, d_norms=15
2026-07-03 18:00:02,980 [INFO] [729/1380] Processing config_5_16_2.pkl (i=5, t=16, n=2)
2026-07-03 18:00:03,166 [INFO]   -> NOT converged, iters=18, LB=-1.3128, UB=-1.3118, d_norms=17
2026-07-03 18:00:03,168 [INFO] [730/1380] Processing config_5_16_3.pkl (i=5, t=16, n=3)
2026-07-03 18:00:03,335 [INFO]   -> NOT converged, iters=14, LB=-1.3342, UB=-1.3279, d_norms=13
2026-07-03 18:00:03,337 [INFO] [731/1380] Processing config_5_16_4.pkl (i=5, t=16, n=4)
2026-07-03 18:00:03,528 [INFO]   -> NOT converged, iters=16, LB=-1.3077, UB=-1.3057, d_norms=15
2026-07-03 18:00:03,530 [INFO] [732/1380] Processing config_5_16_5.pkl (i=5, t=16, n=5)
2026-07-03 18:00:03,704 [INFO]   -> NOT converged, iters=15, LB=-1.3337, UB=-1.3332, d_norms=14
2026-07-03 18:00:03,705 [INFO] [733/1380] Processing config_5_17_0.pkl (i=5, t=17, n=0)
2026-07-03 18:00:03,859 [INFO]   -> NOT converged, iters=13, LB=-1.1521, UB=-1.1500, d_norms=12
2026-07-03 18:00:03,860 [INFO] [734/1380] Processing config_5_17_1.pkl (i=5, t=17, n=1)
2026-07-03 18:00:03,991 [INFO]   -> NOT converged, iters=10, LB=-1.1345, UB=-1.1322, d_norms=9
2026-07-03 18:00:03,991 [INFO] [735/1380] Processing config_5_17_2.pkl (i=5, t=17, n=2)
2026-07-03 18:00:04,118 [INFO]   -> NOT converged, iters=10, LB=-1.1494, UB=-1.1473, d_norms=9
2026-07-03 18:00:04,120 [INFO] [736/1380] Processing config_5_17_3.pkl (i=5, t=17, n=3)
2026-07-03 18:00:04,274 [INFO]   -> NOT converged, iters=13, LB=-1.1042, UB=-1.1020, d_norms=12
2026-07-03 18:00:04,275 [INFO] [737/1380] Processing config_5_17_4.pkl (i=5, t=17, n=4)
2026-07-03 18:00:04,441 [INFO]   -> NOT converged, iters=16, LB=-1.1112, UB=-1.1088, d_norms=15
2026-07-03 18:00:04,443 [INFO] [738/1380] Processing config_5_17_5.pkl (i=5, t=17, n=5)
2026-07-03 18:00:04,580 [INFO]   -> NOT converged, iters=10, LB=-1.1437, UB=-1.1415, d_norms=9
2026-07-03 18:00:04,580 [INFO] [739/1380] Processing config_5_18_0.pkl (i=5, t=18, n=0)
2026-07-03 18:00:04,754 [INFO]   -> NOT converged, iters=15, LB=-0.9794, UB=-0.9781, d_norms=14
2026-07-03 18:00:04,755 [INFO] [740/1380] Processing config_5_18_1.pkl (i=5, t=18, n=1)
2026-07-03 18:00:04,922 [INFO]   -> NOT converged, iters=14, LB=-0.9855, UB=-0.9843, d_norms=13
2026-07-03 18:00:04,923 [INFO] [741/1380] Processing config_5_18_2.pkl (i=5, t=18, n=2)
2026-07-03 18:00:05,044 [INFO]   -> NOT converged, iters=10, LB=-0.9984, UB=-0.9965, d_norms=9
2026-07-03 18:00:05,045 [INFO] [742/1380] Processing config_5_18_3.pkl (i=5, t=18, n=3)
2026-07-03 18:00:05,173 [INFO]   -> NOT converged, iters=11, LB=-0.9905, UB=-0.9894, d_norms=10
2026-07-03 18:00:05,175 [INFO] [743/1380] Processing config_5_18_4.pkl (i=5, t=18, n=4)
2026-07-03 18:00:05,281 [INFO]   -> NOT converged, iters=6, LB=-0.9645, UB=-0.9645, d_norms=5
2026-07-03 18:00:05,282 [INFO] [744/1380] Processing config_5_18_5.pkl (i=5, t=18, n=5)
2026-07-03 18:00:05,449 [INFO]   -> NOT converged, iters=15, LB=-0.9773, UB=-0.9769, d_norms=14
2026-07-03 18:00:05,450 [INFO] [745/1380] Processing config_5_19_0.pkl (i=5, t=19, n=0)
2026-07-03 18:00:05,588 [INFO]   -> NOT converged, iters=10, LB=-0.8049, UB=-0.8049, d_norms=9
2026-07-03 18:00:05,589 [INFO] [746/1380] Processing config_5_19_1.pkl (i=5, t=19, n=1)
2026-07-03 18:00:05,696 [INFO]   -> NOT converged, iters=6, LB=-0.7985, UB=-0.7985, d_norms=5
2026-07-03 18:00:05,697 [INFO] [747/1380] Processing config_5_19_2.pkl (i=5, t=19, n=2)
2026-07-03 18:00:05,845 [INFO]   -> NOT converged, iters=13, LB=-0.7891, UB=-0.7891, d_norms=12
2026-07-03 18:00:05,846 [INFO] [748/1380] Processing config_5_19_3.pkl (i=5, t=19, n=3)
2026-07-03 18:00:06,035 [INFO]   -> NOT converged, iters=18, LB=-0.7790, UB=-0.7783, d_norms=17
2026-07-03 18:00:06,036 [INFO] [749/1380] Processing config_5_19_4.pkl (i=5, t=19, n=4)
2026-07-03 18:00:06,169 [INFO]   -> NOT converged, iters=10, LB=-0.7947, UB=-0.7938, d_norms=9
2026-07-03 18:00:06,170 [INFO] [750/1380] Processing config_5_19_5.pkl (i=5, t=19, n=5)
2026-07-03 18:00:06,300 [INFO]   -> NOT converged, iters=10, LB=-0.7865, UB=-0.7842, d_norms=9
2026-07-03 18:00:06,302 [INFO] [751/1380] Processing config_5_1_0.pkl (i=5, t=1, n=0)
2026-07-03 18:00:06,513 [INFO]   -> NOT converged, iters=20, LB=-3.9652, UB=-3.9569, d_norms=19
2026-07-03 18:00:06,515 [INFO] [752/1380] Processing config_5_1_1.pkl (i=5, t=1, n=1)
2026-07-03 18:00:06,747 [INFO]   -> NOT converged, iters=22, LB=-3.9709, UB=-3.9514, d_norms=21
2026-07-03 18:00:06,748 [INFO] [753/1380] Processing config_5_1_2.pkl (i=5, t=1, n=2)
2026-07-03 18:00:06,935 [INFO]   -> NOT converged, iters=17, LB=-3.9282, UB=-3.9174, d_norms=16
2026-07-03 18:00:06,936 [INFO] [754/1380] Processing config_5_1_3.pkl (i=5, t=1, n=3)
2026-07-03 18:00:07,139 [INFO]   -> NOT converged, iters=19, LB=-3.8858, UB=-3.8762, d_norms=18
2026-07-03 18:00:07,141 [INFO] [755/1380] Processing config_5_1_4.pkl (i=5, t=1, n=4)
2026-07-03 18:00:07,337 [INFO]   -> NOT converged, iters=20, LB=-3.9081, UB=-3.8940, d_norms=19
2026-07-03 18:00:07,339 [INFO] [756/1380] Processing config_5_1_5.pkl (i=5, t=1, n=5)
2026-07-03 18:00:07,542 [INFO]   -> NOT converged, iters=19, LB=-3.9218, UB=-3.9102, d_norms=18
2026-07-03 18:00:07,544 [INFO] [757/1380] Processing config_5_20_0.pkl (i=5, t=20, n=0)
2026-07-03 18:00:07,706 [INFO]   -> NOT converged, iters=15, LB=-0.6102, UB=-0.6088, d_norms=14
2026-07-03 18:00:07,707 [INFO] [758/1380] Processing config_5_20_1.pkl (i=5, t=20, n=1)
2026-07-03 18:00:07,860 [INFO]   -> NOT converged, iters=14, LB=-0.6039, UB=-0.6036, d_norms=13
2026-07-03 18:00:07,861 [INFO] [759/1380] Processing config_5_20_2.pkl (i=5, t=20, n=2)
2026-07-03 18:00:08,018 [INFO]   -> NOT converged, iters=13, LB=-0.6317, UB=-0.6303, d_norms=12
2026-07-03 18:00:08,019 [INFO] [760/1380] Processing config_5_20_3.pkl (i=5, t=20, n=3)
2026-07-03 18:00:08,215 [INFO]   -> NOT converged, iters=14, LB=-0.6368, UB=-0.6356, d_norms=13
2026-07-03 18:00:08,216 [INFO] [761/1380] Processing config_5_20_4.pkl (i=5, t=20, n=4)
2026-07-03 18:00:08,388 [INFO]   -> NOT converged, iters=17, LB=-0.5577, UB=-0.5557, d_norms=16
2026-07-03 18:00:08,389 [INFO] [762/1380] Processing config_5_20_5.pkl (i=5, t=20, n=5)
2026-07-03 18:00:08,538 [INFO]   -> NOT converged, iters=12, LB=-0.6075, UB=-0.6060, d_norms=11
2026-07-03 18:00:08,540 [INFO] [763/1380] Processing config_5_21_0.pkl (i=5, t=21, n=0)
2026-07-03 18:00:08,751 [INFO]   -> NOT converged, iters=19, LB=-0.4245, UB=-0.4243, d_norms=18
2026-07-03 18:00:08,751 [INFO] [764/1380] Processing config_5_21_1.pkl (i=5, t=21, n=1)
2026-07-03 18:00:08,983 [INFO]   -> NOT converged, iters=23, LB=-0.4000, UB=-0.3991, d_norms=22
2026-07-03 18:00:08,984 [INFO] [765/1380] Processing config_5_21_2.pkl (i=5, t=21, n=2)
2026-07-03 18:00:09,229 [INFO]   -> NOT converged, iters=25, LB=-0.4141, UB=-0.4136, d_norms=24
2026-07-03 18:00:09,230 [INFO] [766/1380] Processing config_5_21_3.pkl (i=5, t=21, n=3)
2026-07-03 18:00:09,390 [INFO]   -> NOT converged, iters=16, LB=-0.4784, UB=-0.4776, d_norms=15
2026-07-03 18:00:09,391 [INFO] [767/1380] Processing config_5_21_4.pkl (i=5, t=21, n=4)
2026-07-03 18:00:09,600 [INFO]   -> NOT converged, iters=20, LB=-0.3974, UB=-0.3959, d_norms=19
2026-07-03 18:00:09,601 [INFO] [768/1380] Processing config_5_21_5.pkl (i=5, t=21, n=5)
2026-07-03 18:00:09,787 [INFO]   -> NOT converged, iters=16, LB=-0.4510, UB=-0.4502, d_norms=15
2026-07-03 18:00:09,789 [INFO] [769/1380] Processing config_5_22_0.pkl (i=5, t=22, n=0)
2026-07-03 18:00:09,955 [INFO]   -> NOT converged, iters=16, LB=-0.1919, UB=-0.1918, d_norms=15
2026-07-03 18:00:09,956 [INFO] [770/1380] Processing config_5_22_1.pkl (i=5, t=22, n=1)
2026-07-03 18:00:10,121 [INFO]   -> NOT converged, iters=16, LB=-0.2373, UB=-0.2363, d_norms=15
2026-07-03 18:00:10,123 [INFO] [771/1380] Processing config_5_22_2.pkl (i=5, t=22, n=2)
2026-07-03 18:00:10,313 [INFO]   -> NOT converged, iters=19, LB=-0.2189, UB=-0.2189, d_norms=18
2026-07-03 18:00:10,314 [INFO] [772/1380] Processing config_5_22_3.pkl (i=5, t=22, n=3)
2026-07-03 18:00:10,504 [INFO]   -> NOT converged, iters=19, LB=-0.1819, UB=-0.1818, d_norms=18
2026-07-03 18:00:10,506 [INFO] [773/1380] Processing config_5_22_4.pkl (i=5, t=22, n=4)
2026-07-03 18:00:10,702 [INFO]   -> NOT converged, iters=17, LB=-0.1934, UB=-0.1927, d_norms=16
2026-07-03 18:00:10,704 [INFO] [774/1380] Processing config_5_22_5.pkl (i=5, t=22, n=5)
2026-07-03 18:00:10,892 [INFO]   -> NOT converged, iters=18, LB=-0.2463, UB=-0.2453, d_norms=17
2026-07-03 18:00:10,893 [INFO] [775/1380] Processing config_5_23_0.pkl (i=5, t=23, n=0)
2026-07-03 18:00:10,973 [INFO]   -> converged, iters=14, LB=7.2445, UB=7.2567, d_norms=13
2026-07-03 18:00:10,974 [INFO] [776/1380] Processing config_5_23_1.pkl (i=5, t=23, n=1)
2026-07-03 18:00:11,056 [INFO]   -> converged, iters=15, LB=3.9172, UB=3.9241, d_norms=14
2026-07-03 18:00:11,057 [INFO] [777/1380] Processing config_5_23_2.pkl (i=5, t=23, n=2)
2026-07-03 18:00:11,159 [INFO]   -> converged, iters=17, LB=0.6910, UB=0.6936, d_norms=16
2026-07-03 18:00:11,161 [INFO] [778/1380] Processing config_5_23_3.pkl (i=5, t=23, n=3)
2026-07-03 18:00:11,223 [INFO]   -> converged, iters=12, LB=14.6078, UB=14.6771, d_norms=11
2026-07-03 18:00:11,224 [INFO] [779/1380] Processing config_5_23_4.pkl (i=5, t=23, n=4)
2026-07-03 18:00:11,302 [INFO]   -> converged, iters=14, LB=12.7358, UB=12.7617, d_norms=13
2026-07-03 18:00:11,304 [INFO] [780/1380] Processing config_5_23_5.pkl (i=5, t=23, n=5)
2026-07-03 18:00:11,426 [INFO]   -> converged, iters=18, LB=0.3860, UB=0.3877, d_norms=17
2026-07-03 18:00:11,428 [INFO] [781/1380] Processing config_5_2_0.pkl (i=5, t=2, n=0)
2026-07-03 18:00:11,592 [INFO]   -> NOT converged, iters=16, LB=-3.7254, UB=-3.7177, d_norms=15
2026-07-03 18:00:11,593 [INFO] [782/1380] Processing config_5_2_1.pkl (i=5, t=2, n=1)
2026-07-03 18:00:11,764 [INFO]   -> NOT converged, iters=17, LB=-3.7343, UB=-3.7261, d_norms=16
2026-07-03 18:00:11,766 [INFO] [783/1380] Processing config_5_2_2.pkl (i=5, t=2, n=2)
2026-07-03 18:00:11,946 [INFO]   -> NOT converged, iters=17, LB=-3.7194, UB=-3.7064, d_norms=16
2026-07-03 18:00:11,947 [INFO] [784/1380] Processing config_5_2_3.pkl (i=5, t=2, n=3)
2026-07-03 18:00:12,101 [INFO]   -> NOT converged, iters=16, LB=-3.7333, UB=-3.7260, d_norms=15
2026-07-03 18:00:12,101 [INFO] [785/1380] Processing config_5_2_4.pkl (i=5, t=2, n=4)
2026-07-03 18:00:12,267 [INFO]   -> NOT converged, iters=17, LB=-3.7355, UB=-3.7286, d_norms=16
2026-07-03 18:00:12,269 [INFO] [786/1380] Processing config_5_2_5.pkl (i=5, t=2, n=5)
2026-07-03 18:00:12,430 [INFO]   -> NOT converged, iters=16, LB=-3.6902, UB=-3.6723, d_norms=15
2026-07-03 18:00:12,444 [INFO] [787/1380] Processing config_5_3_0.pkl (i=5, t=3, n=0)
2026-07-03 18:00:12,597 [INFO]   -> NOT converged, iters=14, LB=-3.5707, UB=-3.5582, d_norms=13
2026-07-03 18:00:12,599 [INFO] [788/1380] Processing config_5_3_1.pkl (i=5, t=3, n=1)
2026-07-03 18:00:12,768 [INFO]   -> NOT converged, iters=15, LB=-3.5492, UB=-3.5359, d_norms=14
2026-07-03 18:00:12,770 [INFO] [789/1380] Processing config_5_3_2.pkl (i=5, t=3, n=2)
2026-07-03 18:00:12,928 [INFO]   -> NOT converged, iters=14, LB=-3.5345, UB=-3.5181, d_norms=13
2026-07-03 18:00:12,929 [INFO] [790/1380] Processing config_5_3_3.pkl (i=5, t=3, n=3)
2026-07-03 18:00:13,059 [INFO]   -> NOT converged, iters=11, LB=-3.5714, UB=-3.5654, d_norms=10
2026-07-03 18:00:13,060 [INFO] [791/1380] Processing config_5_3_4.pkl (i=5, t=3, n=4)
2026-07-03 18:00:13,236 [INFO]   -> NOT converged, iters=16, LB=-3.5162, UB=-3.5121, d_norms=15
2026-07-03 18:00:13,237 [INFO] [792/1380] Processing config_5_3_5.pkl (i=5, t=3, n=5)
2026-07-03 18:00:13,389 [INFO]   -> NOT converged, iters=13, LB=-3.5128, UB=-3.5058, d_norms=12
2026-07-03 18:00:13,390 [INFO] [793/1380] Processing config_5_4_0.pkl (i=5, t=4, n=0)
2026-07-03 18:00:13,524 [INFO]   -> NOT converged, iters=12, LB=-3.3243, UB=-3.3226, d_norms=11
2026-07-03 18:00:13,525 [INFO] [794/1380] Processing config_5_4_1.pkl (i=5, t=4, n=1)
2026-07-03 18:00:13,685 [INFO]   -> NOT converged, iters=14, LB=-3.3616, UB=-3.3590, d_norms=13
2026-07-03 18:00:13,686 [INFO] [795/1380] Processing config_5_4_2.pkl (i=5, t=4, n=2)
2026-07-03 18:00:13,843 [INFO]   -> NOT converged, iters=13, LB=-3.3687, UB=-3.3628, d_norms=12
2026-07-03 18:00:13,844 [INFO] [796/1380] Processing config_5_4_3.pkl (i=5, t=4, n=3)
2026-07-03 18:00:13,991 [INFO]   -> NOT converged, iters=12, LB=-3.3766, UB=-3.3632, d_norms=11
2026-07-03 18:00:13,992 [INFO] [797/1380] Processing config_5_4_4.pkl (i=5, t=4, n=4)
2026-07-03 18:00:14,143 [INFO]   -> NOT converged, iters=14, LB=-3.3425, UB=-3.3369, d_norms=13
2026-07-03 18:00:14,144 [INFO] [798/1380] Processing config_5_4_5.pkl (i=5, t=4, n=5)
2026-07-03 18:00:14,281 [INFO]   -> NOT converged, iters=13, LB=-3.3645, UB=-3.3531, d_norms=12
2026-07-03 18:00:14,282 [INFO] [799/1380] Processing config_5_5_0.pkl (i=5, t=5, n=0)
2026-07-03 18:00:14,434 [INFO]   -> NOT converged, iters=14, LB=-3.1968, UB=-3.1869, d_norms=13
2026-07-03 18:00:14,436 [INFO] [800/1380] Processing config_5_5_1.pkl (i=5, t=5, n=1)
2026-07-03 18:00:14,585 [INFO]   -> NOT converged, iters=13, LB=-3.1838, UB=-3.1737, d_norms=12
2026-07-03 18:00:14,586 [INFO] [801/1380] Processing config_5_5_2.pkl (i=5, t=5, n=2)
2026-07-03 18:00:14,727 [INFO]   -> NOT converged, iters=13, LB=-3.2253, UB=-3.2119, d_norms=12
2026-07-03 18:00:14,729 [INFO] [802/1380] Processing config_5_5_3.pkl (i=5, t=5, n=3)
2026-07-03 18:00:14,879 [INFO]   -> NOT converged, iters=14, LB=-3.1966, UB=-3.1874, d_norms=13
2026-07-03 18:00:14,880 [INFO] [803/1380] Processing config_5_5_4.pkl (i=5, t=5, n=4)
2026-07-03 18:00:15,023 [INFO]   -> NOT converged, iters=13, LB=-3.1724, UB=-3.1672, d_norms=12
2026-07-03 18:00:15,024 [INFO] [804/1380] Processing config_5_5_5.pkl (i=5, t=5, n=5)
2026-07-03 18:00:15,181 [INFO]   -> NOT converged, iters=14, LB=-3.2002, UB=-3.1908, d_norms=13
2026-07-03 18:00:15,182 [INFO] [805/1380] Processing config_5_6_0.pkl (i=5, t=6, n=0)
2026-07-03 18:00:15,338 [INFO]   -> NOT converged, iters=12, LB=-3.0298, UB=-3.0261, d_norms=11
2026-07-03 18:00:15,339 [INFO] [806/1380] Processing config_5_6_1.pkl (i=5, t=6, n=1)
2026-07-03 18:00:15,471 [INFO]   -> NOT converged, iters=11, LB=-3.0466, UB=-3.0329, d_norms=10
2026-07-03 18:00:15,473 [INFO] [807/1380] Processing config_5_6_2.pkl (i=5, t=6, n=2)
2026-07-03 18:00:15,581 [INFO]   -> NOT converged, iters=7, LB=-3.0048, UB=-3.0048, d_norms=6
2026-07-03 18:00:15,582 [INFO] [808/1380] Processing config_5_6_3.pkl (i=5, t=6, n=3)
2026-07-03 18:00:15,714 [INFO]   -> NOT converged, iters=11, LB=-3.0485, UB=-3.0384, d_norms=10
2026-07-03 18:00:15,715 [INFO] [809/1380] Processing config_5_6_4.pkl (i=5, t=6, n=4)
2026-07-03 18:00:15,865 [INFO]   -> NOT converged, iters=12, LB=-3.0110, UB=-3.0065, d_norms=11
2026-07-03 18:00:15,867 [INFO] [810/1380] Processing config_5_6_5.pkl (i=5, t=6, n=5)
2026-07-03 18:00:16,024 [INFO]   -> NOT converged, iters=12, LB=-3.0288, UB=-3.0250, d_norms=11
2026-07-03 18:00:16,026 [INFO] [811/1380] Processing config_5_7_0.pkl (i=5, t=7, n=0)
2026-07-03 18:00:16,235 [INFO]   -> NOT converged, iters=19, LB=-2.8736, UB=-2.8722, d_norms=18
2026-07-03 18:00:16,237 [INFO] [812/1380] Processing config_5_7_1.pkl (i=5, t=7, n=1)
2026-07-03 18:00:16,400 [INFO]   -> NOT converged, iters=15, LB=-2.8501, UB=-2.8498, d_norms=14
2026-07-03 18:00:16,402 [INFO] [813/1380] Processing config_5_7_2.pkl (i=5, t=7, n=2)
2026-07-03 18:00:16,536 [INFO]   -> NOT converged, iters=12, LB=-2.8838, UB=-2.8792, d_norms=11
2026-07-03 18:00:16,537 [INFO] [814/1380] Processing config_5_7_3.pkl (i=5, t=7, n=3)
2026-07-03 18:00:16,714 [INFO]   -> NOT converged, iters=16, LB=-2.8770, UB=-2.8713, d_norms=15
2026-07-03 18:00:16,715 [INFO] [815/1380] Processing config_5_7_4.pkl (i=5, t=7, n=4)
2026-07-03 18:00:16,829 [INFO]   -> NOT converged, iters=7, LB=-2.8550, UB=-2.8550, d_norms=6
2026-07-03 18:00:16,830 [INFO] [816/1380] Processing config_5_7_5.pkl (i=5, t=7, n=5)
2026-07-03 18:00:17,003 [INFO]   -> NOT converged, iters=14, LB=-2.8741, UB=-2.8682, d_norms=13
2026-07-03 18:00:17,005 [INFO] [817/1380] Processing config_5_8_0.pkl (i=5, t=8, n=0)
2026-07-03 18:00:17,153 [INFO]   -> NOT converged, iters=13, LB=-2.6691, UB=-2.6684, d_norms=12
2026-07-03 18:00:17,155 [INFO] [818/1380] Processing config_5_8_1.pkl (i=5, t=8, n=1)
2026-07-03 18:00:17,285 [INFO]   -> NOT converged, iters=10, LB=-2.6920, UB=-2.6920, d_norms=9
2026-07-03 18:00:17,287 [INFO] [819/1380] Processing config_5_8_2.pkl (i=5, t=8, n=2)
2026-07-03 18:00:17,446 [INFO]   -> NOT converged, iters=14, LB=-2.6838, UB=-2.6776, d_norms=13
2026-07-03 18:00:17,447 [INFO] [820/1380] Processing config_5_8_3.pkl (i=5, t=8, n=3)
2026-07-03 18:00:17,609 [INFO]   -> NOT converged, iters=15, LB=-2.6954, UB=-2.6850, d_norms=14
2026-07-03 18:00:17,610 [INFO] [821/1380] Processing config_5_8_4.pkl (i=5, t=8, n=4)
2026-07-03 18:00:17,755 [INFO]   -> NOT converged, iters=12, LB=-2.7225, UB=-2.7179, d_norms=11
2026-07-03 18:00:17,757 [INFO] [822/1380] Processing config_5_8_5.pkl (i=5, t=8, n=5)
2026-07-03 18:00:17,935 [INFO]   -> NOT converged, iters=15, LB=-2.7140, UB=-2.7089, d_norms=14
2026-07-03 18:00:17,936 [INFO] [823/1380] Processing config_5_9_0.pkl (i=5, t=9, n=0)
2026-07-03 18:00:18,069 [INFO]   -> NOT converged, iters=12, LB=-2.5616, UB=-2.5556, d_norms=11
2026-07-03 18:00:18,070 [INFO] [824/1380] Processing config_5_9_1.pkl (i=5, t=9, n=1)
2026-07-03 18:00:18,230 [INFO]   -> NOT converged, iters=13, LB=-2.5324, UB=-2.5267, d_norms=12
2026-07-03 18:00:18,232 [INFO] [825/1380] Processing config_5_9_2.pkl (i=5, t=9, n=2)
2026-07-03 18:00:18,350 [INFO]   -> NOT converged, iters=7, LB=-2.5260, UB=-2.5260, d_norms=6
2026-07-03 18:00:18,351 [INFO] [826/1380] Processing config_5_9_3.pkl (i=5, t=9, n=3)
2026-07-03 18:00:18,488 [INFO]   -> NOT converged, iters=12, LB=-2.5518, UB=-2.5514, d_norms=11
2026-07-03 18:00:18,489 [INFO] [827/1380] Processing config_5_9_4.pkl (i=5, t=9, n=4)
2026-07-03 18:00:18,619 [INFO]   -> NOT converged, iters=12, LB=-2.5421, UB=-2.5337, d_norms=11
2026-07-03 18:00:18,621 [INFO] [828/1380] Processing config_5_9_5.pkl (i=5, t=9, n=5)
2026-07-03 18:00:18,798 [INFO]   -> NOT converged, iters=17, LB=-2.4935, UB=-2.4873, d_norms=16
2026-07-03 18:00:18,801 [INFO] [829/1380] Processing config_6_10_0.pkl (i=6, t=10, n=0)
2026-07-03 18:00:18,971 [INFO]   -> NOT converged, iters=14, LB=-2.3943, UB=-2.3897, d_norms=13
2026-07-03 18:00:18,973 [INFO] [830/1380] Processing config_6_10_1.pkl (i=6, t=10, n=1)
2026-07-03 18:00:19,137 [INFO]   -> NOT converged, iters=15, LB=-2.4075, UB=-2.4059, d_norms=14
2026-07-03 18:00:19,139 [INFO] [831/1380] Processing config_6_10_2.pkl (i=6, t=10, n=2)
2026-07-03 18:00:19,266 [INFO]   -> NOT converged, iters=10, LB=-2.3699, UB=-2.3699, d_norms=9
2026-07-03 18:00:19,268 [INFO] [832/1380] Processing config_6_10_3.pkl (i=6, t=10, n=3)
2026-07-03 18:00:19,413 [INFO]   -> NOT converged, iters=13, LB=-2.4068, UB=-2.3996, d_norms=12
2026-07-03 18:00:19,414 [INFO] [833/1380] Processing config_6_10_4.pkl (i=6, t=10, n=4)
2026-07-03 18:00:19,574 [INFO]   -> NOT converged, iters=14, LB=-2.4091, UB=-2.4027, d_norms=13
2026-07-03 18:00:19,575 [INFO] [834/1380] Processing config_6_10_5.pkl (i=6, t=10, n=5)
2026-07-03 18:00:19,740 [INFO]   -> NOT converged, iters=14, LB=-2.3882, UB=-2.3835, d_norms=13
2026-07-03 18:00:19,741 [INFO] [835/1380] Processing config_6_11_0.pkl (i=6, t=11, n=0)
2026-07-03 18:00:19,875 [INFO]   -> NOT converged, iters=10, LB=-2.2062, UB=-2.2062, d_norms=9
2026-07-03 18:00:19,877 [INFO] [836/1380] Processing config_6_11_1.pkl (i=6, t=11, n=1)
2026-07-03 18:00:20,043 [INFO]   -> NOT converged, iters=14, LB=-2.2302, UB=-2.2255, d_norms=13
2026-07-03 18:00:20,044 [INFO] [837/1380] Processing config_6_11_2.pkl (i=6, t=11, n=2)
2026-07-03 18:00:20,223 [INFO]   -> NOT converged, iters=16, LB=-2.2474, UB=-2.2457, d_norms=15
2026-07-03 18:00:20,224 [INFO] [838/1380] Processing config_6_11_3.pkl (i=6, t=11, n=3)
2026-07-03 18:00:20,343 [INFO]   -> NOT converged, iters=10, LB=-2.2666, UB=-2.2576, d_norms=9
2026-07-03 18:00:20,343 [INFO] [839/1380] Processing config_6_11_4.pkl (i=6, t=11, n=4)
2026-07-03 18:00:20,495 [INFO]   -> NOT converged, iters=13, LB=-2.2128, UB=-2.2079, d_norms=12
2026-07-03 18:00:20,496 [INFO] [840/1380] Processing config_6_11_5.pkl (i=6, t=11, n=5)
2026-07-03 18:00:20,631 [INFO]   -> NOT converged, iters=10, LB=-2.2298, UB=-2.2298, d_norms=9
2026-07-03 18:00:20,632 [INFO] [841/1380] Processing config_6_12_0.pkl (i=6, t=12, n=0)
2026-07-03 18:00:20,781 [INFO]   -> NOT converged, iters=12, LB=-2.0812, UB=-2.0723, d_norms=11
2026-07-03 18:00:20,783 [INFO] [842/1380] Processing config_6_12_1.pkl (i=6, t=12, n=1)
2026-07-03 18:00:20,952 [INFO]   -> NOT converged, iters=16, LB=-2.0902, UB=-2.0868, d_norms=15
2026-07-03 18:00:20,954 [INFO] [843/1380] Processing config_6_12_2.pkl (i=6, t=12, n=2)
2026-07-03 18:00:21,117 [INFO]   -> NOT converged, iters=14, LB=-2.0575, UB=-2.0563, d_norms=13
2026-07-03 18:00:21,119 [INFO] [844/1380] Processing config_6_12_3.pkl (i=6, t=12, n=3)
2026-07-03 18:00:21,237 [INFO]   -> NOT converged, iters=8, LB=-2.0643, UB=-2.0643, d_norms=7
2026-07-03 18:00:21,239 [INFO] [845/1380] Processing config_6_12_4.pkl (i=6, t=12, n=4)
2026-07-03 18:00:21,393 [INFO]   -> NOT converged, iters=15, LB=-2.1134, UB=-2.1080, d_norms=14
2026-07-03 18:00:21,395 [INFO] [846/1380] Processing config_6_12_5.pkl (i=6, t=12, n=5)
2026-07-03 18:00:21,547 [INFO]   -> NOT converged, iters=14, LB=-2.0350, UB=-2.0258, d_norms=13
2026-07-03 18:00:21,549 [INFO] [847/1380] Processing config_6_13_0.pkl (i=6, t=13, n=0)
2026-07-03 18:00:21,703 [INFO]   -> NOT converged, iters=15, LB=-1.8898, UB=-1.8850, d_norms=14
2026-07-03 18:00:21,704 [INFO] [848/1380] Processing config_6_13_1.pkl (i=6, t=13, n=1)
2026-07-03 18:00:21,862 [INFO]   -> NOT converged, iters=15, LB=-1.8752, UB=-1.8677, d_norms=14
2026-07-03 18:00:21,863 [INFO] [849/1380] Processing config_6_13_2.pkl (i=6, t=13, n=2)
2026-07-03 18:00:22,021 [INFO]   -> NOT converged, iters=15, LB=-1.8701, UB=-1.8624, d_norms=14
2026-07-03 18:00:22,023 [INFO] [850/1380] Processing config_6_13_3.pkl (i=6, t=13, n=3)
2026-07-03 18:00:22,193 [INFO]   -> NOT converged, iters=16, LB=-1.9330, UB=-1.9259, d_norms=15
2026-07-03 18:00:22,194 [INFO] [851/1380] Processing config_6_13_4.pkl (i=6, t=13, n=4)
2026-07-03 18:00:22,385 [INFO]   -> NOT converged, iters=17, LB=-1.9040, UB=-1.9021, d_norms=16
2026-07-03 18:00:22,387 [INFO] [852/1380] Processing config_6_13_5.pkl (i=6, t=13, n=5)
2026-07-03 18:00:22,530 [INFO]   -> NOT converged, iters=13, LB=-1.9014, UB=-1.8932, d_norms=12
2026-07-03 18:00:22,531 [INFO] [853/1380] Processing config_6_14_0.pkl (i=6, t=14, n=0)
2026-07-03 18:00:22,696 [INFO]   -> NOT converged, iters=14, LB=-1.7228, UB=-1.7181, d_norms=13
2026-07-03 18:00:22,698 [INFO] [854/1380] Processing config_6_14_1.pkl (i=6, t=14, n=1)
2026-07-03 18:00:22,864 [INFO]   -> NOT converged, iters=15, LB=-1.6943, UB=-1.6927, d_norms=14
2026-07-03 18:00:22,865 [INFO] [855/1380] Processing config_6_14_2.pkl (i=6, t=14, n=2)
2026-07-03 18:00:23,036 [INFO]   -> NOT converged, iters=14, LB=-1.7113, UB=-1.7062, d_norms=13
2026-07-03 18:00:23,037 [INFO] [856/1380] Processing config_6_14_3.pkl (i=6, t=14, n=3)
2026-07-03 18:00:23,197 [INFO]   -> NOT converged, iters=15, LB=-1.7001, UB=-1.6946, d_norms=14
2026-07-03 18:00:23,198 [INFO] [857/1380] Processing config_6_14_4.pkl (i=6, t=14, n=4)
2026-07-03 18:00:23,363 [INFO]   -> NOT converged, iters=14, LB=-1.7090, UB=-1.7039, d_norms=13
2026-07-03 18:00:23,364 [INFO] [858/1380] Processing config_6_14_5.pkl (i=6, t=14, n=5)
2026-07-03 18:00:23,539 [INFO]   -> NOT converged, iters=15, LB=-1.6958, UB=-1.6927, d_norms=14
2026-07-03 18:00:23,541 [INFO] [859/1380] Processing config_6_15_0.pkl (i=6, t=15, n=0)
2026-07-03 18:00:23,677 [INFO]   -> NOT converged, iters=12, LB=-1.4994, UB=-1.4953, d_norms=11
2026-07-03 18:00:23,679 [INFO] [860/1380] Processing config_6_15_1.pkl (i=6, t=15, n=1)
2026-07-03 18:00:23,867 [INFO]   -> NOT converged, iters=16, LB=-1.4957, UB=-1.4919, d_norms=15
2026-07-03 18:00:23,869 [INFO] [861/1380] Processing config_6_15_2.pkl (i=6, t=15, n=2)
2026-07-03 18:00:24,026 [INFO]   -> NOT converged, iters=15, LB=-1.5313, UB=-1.5241, d_norms=14
2026-07-03 18:00:24,027 [INFO] [862/1380] Processing config_6_15_3.pkl (i=6, t=15, n=3)
2026-07-03 18:00:24,184 [INFO]   -> NOT converged, iters=12, LB=-1.5598, UB=-1.5529, d_norms=11
2026-07-03 18:00:24,186 [INFO] [863/1380] Processing config_6_15_4.pkl (i=6, t=15, n=4)
2026-07-03 18:00:24,363 [INFO]   -> NOT converged, iters=16, LB=-1.5328, UB=-1.5276, d_norms=15
2026-07-03 18:00:24,364 [INFO] [864/1380] Processing config_6_15_5.pkl (i=6, t=15, n=5)
2026-07-03 18:00:24,532 [INFO]   -> NOT converged, iters=17, LB=-1.5039, UB=-1.5000, d_norms=16
2026-07-03 18:00:24,534 [INFO] [865/1380] Processing config_6_16_0.pkl (i=6, t=16, n=0)
2026-07-03 18:00:24,696 [INFO]   -> NOT converged, iters=15, LB=-1.3442, UB=-1.3411, d_norms=14
2026-07-03 18:00:24,698 [INFO] [866/1380] Processing config_6_16_1.pkl (i=6, t=16, n=1)
2026-07-03 18:00:24,867 [INFO]   -> NOT converged, iters=15, LB=-1.3339, UB=-1.3294, d_norms=14
2026-07-03 18:00:24,869 [INFO] [867/1380] Processing config_6_16_2.pkl (i=6, t=16, n=2)
2026-07-03 18:00:25,061 [INFO]   -> NOT converged, iters=18, LB=-1.3365, UB=-1.3353, d_norms=17
2026-07-03 18:00:25,063 [INFO] [868/1380] Processing config_6_16_3.pkl (i=6, t=16, n=3)
2026-07-03 18:00:25,225 [INFO]   -> NOT converged, iters=13, LB=-1.3577, UB=-1.3515, d_norms=12
2026-07-03 18:00:25,226 [INFO] [869/1380] Processing config_6_16_4.pkl (i=6, t=16, n=4)
2026-07-03 18:00:25,396 [INFO]   -> NOT converged, iters=15, LB=-1.3337, UB=-1.3293, d_norms=14
2026-07-03 18:00:25,397 [INFO] [870/1380] Processing config_6_16_5.pkl (i=6, t=16, n=5)
2026-07-03 18:00:25,566 [INFO]   -> NOT converged, iters=14, LB=-1.3573, UB=-1.3567, d_norms=13
2026-07-03 18:00:25,568 [INFO] [871/1380] Processing config_6_17_0.pkl (i=6, t=17, n=0)
2026-07-03 18:00:25,698 [INFO]   -> NOT converged, iters=10, LB=-1.1761, UB=-1.1719, d_norms=9
2026-07-03 18:00:25,700 [INFO] [872/1380] Processing config_6_17_1.pkl (i=6, t=17, n=1)
2026-07-03 18:00:25,805 [INFO]   -> NOT converged, iters=6, LB=-1.1585, UB=-1.1585, d_norms=5
2026-07-03 18:00:25,806 [INFO] [873/1380] Processing config_6_17_2.pkl (i=6, t=17, n=2)
2026-07-03 18:00:25,935 [INFO]   -> NOT converged, iters=10, LB=-1.1734, UB=-1.1692, d_norms=9
2026-07-03 18:00:25,937 [INFO] [874/1380] Processing config_6_17_3.pkl (i=6, t=17, n=3)
2026-07-03 18:00:26,134 [INFO]   -> NOT converged, iters=17, LB=-1.1295, UB=-1.1269, d_norms=16
2026-07-03 18:00:26,136 [INFO] [875/1380] Processing config_6_17_4.pkl (i=6, t=17, n=4)
2026-07-03 18:00:26,238 [INFO]   -> NOT converged, iters=6, LB=-1.1352, UB=-1.1352, d_norms=5
2026-07-03 18:00:26,240 [INFO] [876/1380] Processing config_6_17_5.pkl (i=6, t=17, n=5)
2026-07-03 18:00:26,369 [INFO]   -> NOT converged, iters=10, LB=-1.1677, UB=-1.1634, d_norms=9
2026-07-03 18:00:26,370 [INFO] [877/1380] Processing config_6_18_0.pkl (i=6, t=18, n=0)
2026-07-03 18:00:26,532 [INFO]   -> NOT converged, iters=14, LB=-1.0034, UB=-0.9993, d_norms=13
2026-07-03 18:00:26,533 [INFO] [878/1380] Processing config_6_18_1.pkl (i=6, t=18, n=1)
2026-07-03 18:00:26,694 [INFO]   -> NOT converged, iters=14, LB=-1.0094, UB=-1.0084, d_norms=13
2026-07-03 18:00:26,697 [INFO] [879/1380] Processing config_6_18_2.pkl (i=6, t=18, n=2)
2026-07-03 18:00:26,817 [INFO]   -> NOT converged, iters=10, LB=-1.0224, UB=-1.0204, d_norms=9
2026-07-03 18:00:26,818 [INFO] [880/1380] Processing config_6_18_3.pkl (i=6, t=18, n=3)
2026-07-03 18:00:26,947 [INFO]   -> NOT converged, iters=11, LB=-1.0142, UB=-1.0135, d_norms=10
2026-07-03 18:00:26,948 [INFO] [881/1380] Processing config_6_18_4.pkl (i=6, t=18, n=4)
2026-07-03 18:00:27,110 [INFO]   -> NOT converged, iters=13, LB=-0.9885, UB=-0.9849, d_norms=12
2026-07-03 18:00:27,112 [INFO] [882/1380] Processing config_6_18_5.pkl (i=6, t=18, n=5)
2026-07-03 18:00:27,266 [INFO]   -> NOT converged, iters=12, LB=-1.0014, UB=-0.9971, d_norms=11
2026-07-03 18:00:27,268 [INFO] [883/1380] Processing config_6_19_0.pkl (i=6, t=19, n=0)
2026-07-03 18:00:27,414 [INFO]   -> NOT converged, iters=12, LB=-0.8292, UB=-0.8282, d_norms=11
2026-07-03 18:00:27,416 [INFO] [884/1380] Processing config_6_19_1.pkl (i=6, t=19, n=1)
2026-07-03 18:00:27,577 [INFO]   -> NOT converged, iters=14, LB=-0.8228, UB=-0.8218, d_norms=13
2026-07-03 18:00:27,580 [INFO] [885/1380] Processing config_6_19_2.pkl (i=6, t=19, n=2)
2026-07-03 18:00:27,758 [INFO]   -> NOT converged, iters=17, LB=-0.8139, UB=-0.8124, d_norms=16
2026-07-03 18:00:27,758 [INFO] [886/1380] Processing config_6_19_3.pkl (i=6, t=19, n=3)
2026-07-03 18:00:27,915 [INFO]   -> NOT converged, iters=14, LB=-0.8038, UB=-0.8025, d_norms=13
2026-07-03 18:00:27,916 [INFO] [887/1380] Processing config_6_19_4.pkl (i=6, t=19, n=4)
2026-07-03 18:00:28,062 [INFO]   -> NOT converged, iters=12, LB=-0.8190, UB=-0.8173, d_norms=11
2026-07-03 18:00:28,064 [INFO] [888/1380] Processing config_6_19_5.pkl (i=6, t=19, n=5)
2026-07-03 18:00:28,215 [INFO]   -> NOT converged, iters=14, LB=-0.8102, UB=-0.8096, d_norms=13
2026-07-03 18:00:28,216 [INFO] [889/1380] Processing config_6_1_0.pkl (i=6, t=1, n=0)
2026-07-03 18:00:28,424 [INFO]   -> NOT converged, iters=20, LB=-4.0059, UB=-3.9977, d_norms=19
2026-07-03 18:00:28,425 [INFO] [890/1380] Processing config_6_1_1.pkl (i=6, t=1, n=1)
2026-07-03 18:00:28,637 [INFO]   -> NOT converged, iters=21, LB=-4.0057, UB=-3.9931, d_norms=20
2026-07-03 18:00:28,638 [INFO] [891/1380] Processing config_6_1_2.pkl (i=6, t=1, n=2)
2026-07-03 18:00:28,832 [INFO]   -> NOT converged, iters=18, LB=-3.9722, UB=-3.9580, d_norms=17
2026-07-03 18:00:28,833 [INFO] [892/1380] Processing config_6_1_3.pkl (i=6, t=1, n=3)
2026-07-03 18:00:29,023 [INFO]   -> NOT converged, iters=19, LB=-3.9333, UB=-3.9158, d_norms=18
2026-07-03 18:00:29,024 [INFO] [893/1380] Processing config_6_1_4.pkl (i=6, t=1, n=4)
2026-07-03 18:00:29,221 [INFO]   -> NOT converged, iters=19, LB=-3.9502, UB=-3.9372, d_norms=18
2026-07-03 18:00:29,223 [INFO] [894/1380] Processing config_6_1_5.pkl (i=6, t=1, n=5)
2026-07-03 18:00:29,416 [INFO]   -> NOT converged, iters=18, LB=-3.9673, UB=-3.9548, d_norms=17
2026-07-03 18:00:29,418 [INFO] [895/1380] Processing config_6_20_0.pkl (i=6, t=20, n=0)
2026-07-03 18:00:29,559 [INFO]   -> NOT converged, iters=11, LB=-0.6297, UB=-0.6281, d_norms=10
2026-07-03 18:00:29,561 [INFO] [896/1380] Processing config_6_20_1.pkl (i=6, t=20, n=1)
2026-07-03 18:00:29,715 [INFO]   -> NOT converged, iters=12, LB=-0.6233, UB=-0.6222, d_norms=11
2026-07-03 18:00:29,716 [INFO] [897/1380] Processing config_6_20_2.pkl (i=6, t=20, n=2)
2026-07-03 18:00:29,883 [INFO]   -> NOT converged, iters=13, LB=-0.6511, UB=-0.6509, d_norms=12
2026-07-03 18:00:29,885 [INFO] [898/1380] Processing config_6_20_3.pkl (i=6, t=20, n=3)
2026-07-03 18:00:30,042 [INFO]   -> NOT converged, iters=12, LB=-0.6560, UB=-0.6532, d_norms=11
2026-07-03 18:00:30,043 [INFO] [899/1380] Processing config_6_20_4.pkl (i=6, t=20, n=4)
2026-07-03 18:00:30,287 [INFO]   -> NOT converged, iters=24, LB=-0.5870, UB=-0.5855, d_norms=23
2026-07-03 18:00:30,289 [INFO] [900/1380] Processing config_6_20_5.pkl (i=6, t=20, n=5)
2026-07-03 18:00:30,429 [INFO]   -> NOT converged, iters=10, LB=-0.6270, UB=-0.6254, d_norms=9
2026-07-03 18:00:30,430 [INFO] [901/1380] Processing config_6_21_0.pkl (i=6, t=21, n=0)
2026-07-03 18:00:30,592 [INFO]   -> NOT converged, iters=13, LB=-0.4383, UB=-0.4373, d_norms=12
2026-07-03 18:00:30,594 [INFO] [902/1380] Processing config_6_21_1.pkl (i=6, t=21, n=1)
2026-07-03 18:00:30,772 [INFO]   -> NOT converged, iters=15, LB=-0.4138, UB=-0.4127, d_norms=14
2026-07-03 18:00:30,774 [INFO] [903/1380] Processing config_6_21_2.pkl (i=6, t=21, n=2)
2026-07-03 18:00:31,008 [INFO]   -> NOT converged, iters=23, LB=-0.4277, UB=-0.4256, d_norms=22
2026-07-03 18:00:31,009 [INFO] [904/1380] Processing config_6_21_3.pkl (i=6, t=21, n=3)
2026-07-03 18:00:31,181 [INFO]   -> NOT converged, iters=15, LB=-0.4923, UB=-0.4915, d_norms=14
2026-07-03 18:00:31,182 [INFO] [905/1380] Processing config_6_21_4.pkl (i=6, t=21, n=4)
2026-07-03 18:00:31,400 [INFO]   -> NOT converged, iters=20, LB=-0.4110, UB=-0.4095, d_norms=19
2026-07-03 18:00:31,402 [INFO] [906/1380] Processing config_6_21_5.pkl (i=6, t=21, n=5)
2026-07-03 18:00:31,574 [INFO]   -> NOT converged, iters=15, LB=-0.4643, UB=-0.4637, d_norms=14
2026-07-03 18:00:31,576 [INFO] [907/1380] Processing config_6_22_0.pkl (i=6, t=22, n=0)
2026-07-03 18:00:31,788 [INFO]   -> NOT converged, iters=22, LB=-0.2049, UB=-0.2048, d_norms=21
2026-07-03 18:00:31,800 [INFO] [908/1380] Processing config_6_22_1.pkl (i=6, t=22, n=1)
2026-07-03 18:00:31,984 [INFO]   -> NOT converged, iters=19, LB=-0.2517, UB=-0.2505, d_norms=18
2026-07-03 18:00:31,986 [INFO] [909/1380] Processing config_6_22_2.pkl (i=6, t=22, n=2)
2026-07-03 18:00:32,201 [INFO]   -> NOT converged, iters=23, LB=-0.2324, UB=-0.2314, d_norms=22
2026-07-03 18:00:32,202 [INFO] [910/1380] Processing config_6_22_3.pkl (i=6, t=22, n=3)
2026-07-03 18:00:32,381 [INFO]   -> NOT converged, iters=17, LB=-0.1946, UB=-0.1941, d_norms=16
2026-07-03 18:00:32,382 [INFO] [911/1380] Processing config_6_22_4.pkl (i=6, t=22, n=4)
2026-07-03 18:00:32,615 [INFO]   -> NOT converged, iters=24, LB=-0.2061, UB=-0.2058, d_norms=23
2026-07-03 18:00:32,617 [INFO] [912/1380] Processing config_6_22_5.pkl (i=6, t=22, n=5)
2026-07-03 18:00:32,814 [INFO]   -> NOT converged, iters=20, LB=-0.2601, UB=-0.2590, d_norms=19
2026-07-03 18:00:32,815 [INFO] [913/1380] Processing config_6_23_0.pkl (i=6, t=23, n=0)
2026-07-03 18:00:32,909 [INFO]   -> converged, iters=17, LB=7.5305, UB=7.5485, d_norms=16
2026-07-03 18:00:32,911 [INFO] [914/1380] Processing config_6_23_1.pkl (i=6, t=23, n=1)
2026-07-03 18:00:33,028 [INFO]   -> converged, iters=18, LB=4.4305, UB=4.4450, d_norms=17
2026-07-03 18:00:33,030 [INFO] [915/1380] Processing config_6_23_2.pkl (i=6, t=23, n=2)
2026-07-03 18:00:33,181 [INFO]   -> converged, iters=24, LB=0.3569, UB=0.3583, d_norms=23
2026-07-03 18:00:33,182 [INFO] [916/1380] Processing config_6_23_3.pkl (i=6, t=23, n=3)
2026-07-03 18:00:33,260 [INFO]   -> converged, iters=14, LB=14.3994, UB=14.4590, d_norms=13
2026-07-03 18:00:33,260 [INFO] [917/1380] Processing config_6_23_4.pkl (i=6, t=23, n=4)
2026-07-03 18:00:33,340 [INFO]   -> converged, iters=15, LB=12.6008, UB=12.6280, d_norms=14
2026-07-03 18:00:33,343 [INFO] [918/1380] Processing config_6_23_5.pkl (i=6, t=23, n=5)
2026-07-03 18:00:33,522 [INFO]   -> NOT converged, iters=26, LB=-0.0293, UB=-0.0292, d_norms=25
2026-07-03 18:00:33,523 [INFO] [919/1380] Processing config_6_2_0.pkl (i=6, t=2, n=0)
2026-07-03 18:00:33,674 [INFO]   -> NOT converged, iters=13, LB=-3.7565, UB=-3.7419, d_norms=12
2026-07-03 18:00:33,675 [INFO] [920/1380] Processing config_6_2_1.pkl (i=6, t=2, n=1)
2026-07-03 18:00:33,814 [INFO]   -> NOT converged, iters=13, LB=-3.7629, UB=-3.7504, d_norms=12
2026-07-03 18:00:33,815 [INFO] [921/1380] Processing config_6_2_2.pkl (i=6, t=2, n=2)
2026-07-03 18:00:33,969 [INFO]   -> NOT converged, iters=14, LB=-3.7418, UB=-3.7312, d_norms=13
2026-07-03 18:00:33,970 [INFO] [922/1380] Processing config_6_2_3.pkl (i=6, t=2, n=3)
2026-07-03 18:00:34,105 [INFO]   -> NOT converged, iters=11, LB=-3.7534, UB=-3.7499, d_norms=10
2026-07-03 18:00:34,107 [INFO] [923/1380] Processing config_6_2_4.pkl (i=6, t=2, n=4)
2026-07-03 18:00:34,250 [INFO]   -> NOT converged, iters=13, LB=-3.7648, UB=-3.7529, d_norms=12
2026-07-03 18:00:34,251 [INFO] [924/1380] Processing config_6_2_5.pkl (i=6, t=2, n=5)
2026-07-03 18:00:34,468 [INFO]   -> NOT converged, iters=21, LB=-3.7016, UB=-3.6952, d_norms=20
2026-07-03 18:00:34,470 [INFO] [925/1380] Processing config_6_3_0.pkl (i=6, t=3, n=0)
2026-07-03 18:00:34,634 [INFO]   -> NOT converged, iters=15, LB=-3.5914, UB=-3.5849, d_norms=14
2026-07-03 18:00:34,635 [INFO] [926/1380] Processing config_6_3_1.pkl (i=6, t=3, n=1)
2026-07-03 18:00:34,787 [INFO]   -> NOT converged, iters=14, LB=-3.5683, UB=-3.5588, d_norms=13
2026-07-03 18:00:34,789 [INFO] [927/1380] Processing config_6_3_2.pkl (i=6, t=3, n=2)
2026-07-03 18:00:34,955 [INFO]   -> NOT converged, iters=16, LB=-3.5475, UB=-3.5421, d_norms=15
2026-07-03 18:00:34,956 [INFO] [928/1380] Processing config_6_3_3.pkl (i=6, t=3, n=3)
2026-07-03 18:00:35,139 [INFO]   -> NOT converged, iters=19, LB=-3.6050, UB=-3.5894, d_norms=18
2026-07-03 18:00:35,141 [INFO] [929/1380] Processing config_6_3_4.pkl (i=6, t=3, n=4)
2026-07-03 18:00:35,310 [INFO]   -> NOT converged, iters=15, LB=-3.5420, UB=-3.5358, d_norms=14
2026-07-03 18:00:35,311 [INFO] [930/1380] Processing config_6_3_5.pkl (i=6, t=3, n=5)
2026-07-03 18:00:35,459 [INFO]   -> NOT converged, iters=14, LB=-3.5444, UB=-3.5330, d_norms=13
2026-07-03 18:00:35,460 [INFO] [931/1380] Processing config_6_4_0.pkl (i=6, t=4, n=0)
2026-07-03 18:00:35,623 [INFO]   -> NOT converged, iters=15, LB=-3.3489, UB=-3.3431, d_norms=14
2026-07-03 18:00:35,624 [INFO] [932/1380] Processing config_6_4_1.pkl (i=6, t=4, n=1)
2026-07-03 18:00:35,780 [INFO]   -> NOT converged, iters=13, LB=-3.3914, UB=-3.3809, d_norms=12
2026-07-03 18:00:35,781 [INFO] [933/1380] Processing config_6_4_2.pkl (i=6, t=4, n=2)
2026-07-03 18:00:35,934 [INFO]   -> NOT converged, iters=13, LB=-3.4029, UB=-3.3860, d_norms=12
2026-07-03 18:00:35,935 [INFO] [934/1380] Processing config_6_4_3.pkl (i=6, t=4, n=3)
2026-07-03 18:00:36,091 [INFO]   -> NOT converged, iters=14, LB=-3.3916, UB=-3.3836, d_norms=13
2026-07-03 18:00:36,093 [INFO] [935/1380] Processing config_6_4_4.pkl (i=6, t=4, n=4)
2026-07-03 18:00:36,258 [INFO]   -> NOT converged, iters=15, LB=-3.3650, UB=-3.3571, d_norms=14
2026-07-03 18:00:36,260 [INFO] [936/1380] Processing config_6_4_5.pkl (i=6, t=4, n=5)
2026-07-03 18:00:36,413 [INFO]   -> NOT converged, iters=14, LB=-3.3866, UB=-3.3736, d_norms=13
2026-07-03 18:00:36,414 [INFO] [937/1380] Processing config_6_5_0.pkl (i=6, t=5, n=0)
2026-07-03 18:00:36,570 [INFO]   -> NOT converged, iters=13, LB=-3.2096, UB=-3.2079, d_norms=12
2026-07-03 18:00:36,572 [INFO] [938/1380] Processing config_6_5_1.pkl (i=6, t=5, n=1)
2026-07-03 18:00:36,730 [INFO]   -> NOT converged, iters=13, LB=-3.1992, UB=-3.1968, d_norms=12
2026-07-03 18:00:36,731 [INFO] [939/1380] Processing config_6_5_2.pkl (i=6, t=5, n=2)
2026-07-03 18:00:36,860 [INFO]   -> NOT converged, iters=11, LB=-3.2415, UB=-3.2371, d_norms=10
2026-07-03 18:00:36,861 [INFO] [940/1380] Processing config_6_5_3.pkl (i=6, t=5, n=3)
2026-07-03 18:00:36,982 [INFO]   -> NOT converged, iters=8, LB=-3.2100, UB=-3.2099, d_norms=7
2026-07-03 18:00:36,983 [INFO] [941/1380] Processing config_6_5_4.pkl (i=6, t=5, n=4)
2026-07-03 18:00:37,147 [INFO]   -> NOT converged, iters=13, LB=-3.1900, UB=-3.1876, d_norms=12
2026-07-03 18:00:37,149 [INFO] [942/1380] Processing config_6_5_5.pkl (i=6, t=5, n=5)
2026-07-03 18:00:37,316 [INFO]   -> NOT converged, iters=13, LB=-3.2141, UB=-3.2101, d_norms=12
2026-07-03 18:00:37,317 [INFO] [943/1380] Processing config_6_6_0.pkl (i=6, t=6, n=0)
2026-07-03 18:00:37,477 [INFO]   -> NOT converged, iters=12, LB=-3.0506, UB=-3.0470, d_norms=11
2026-07-03 18:00:37,478 [INFO] [944/1380] Processing config_6_6_1.pkl (i=6, t=6, n=1)
2026-07-03 18:00:37,613 [INFO]   -> NOT converged, iters=11, LB=-3.0667, UB=-3.0537, d_norms=10
2026-07-03 18:00:37,614 [INFO] [945/1380] Processing config_6_6_2.pkl (i=6, t=6, n=2)
2026-07-03 18:00:37,725 [INFO]   -> NOT converged, iters=7, LB=-3.0257, UB=-3.0257, d_norms=6
2026-07-03 18:00:37,727 [INFO] [946/1380] Processing config_6_6_3.pkl (i=6, t=6, n=3)
2026-07-03 18:00:37,852 [INFO]   -> NOT converged, iters=11, LB=-3.0690, UB=-3.0593, d_norms=10
2026-07-03 18:00:37,854 [INFO] [947/1380] Processing config_6_6_4.pkl (i=6, t=6, n=4)
2026-07-03 18:00:38,008 [INFO]   -> NOT converged, iters=12, LB=-3.0319, UB=-3.0274, d_norms=11
2026-07-03 18:00:38,010 [INFO] [948/1380] Processing config_6_6_5.pkl (i=6, t=6, n=5)
2026-07-03 18:00:38,172 [INFO]   -> NOT converged, iters=14, LB=-3.0497, UB=-3.0459, d_norms=13
2026-07-03 18:00:38,173 [INFO] [949/1380] Processing config_6_7_0.pkl (i=6, t=7, n=0)
2026-07-03 18:00:38,355 [INFO]   -> NOT converged, iters=16, LB=-2.8983, UB=-2.8895, d_norms=15
2026-07-03 18:00:38,355 [INFO] [950/1380] Processing config_6_7_1.pkl (i=6, t=7, n=1)
2026-07-03 18:00:38,550 [INFO]   -> NOT converged, iters=18, LB=-2.8741, UB=-2.8698, d_norms=17
2026-07-03 18:00:38,551 [INFO] [951/1380] Processing config_6_7_2.pkl (i=6, t=7, n=2)
2026-07-03 18:00:38,683 [INFO]   -> NOT converged, iters=11, LB=-2.9112, UB=-2.8979, d_norms=10
2026-07-03 18:00:38,685 [INFO] [952/1380] Processing config_6_7_3.pkl (i=6, t=7, n=3)
2026-07-03 18:00:38,835 [INFO]   -> NOT converged, iters=13, LB=-2.8992, UB=-2.8920, d_norms=12
2026-07-03 18:00:38,837 [INFO] [953/1380] Processing config_6_7_4.pkl (i=6, t=7, n=4)
2026-07-03 18:00:38,966 [INFO]   -> NOT converged, iters=10, LB=-2.8756, UB=-2.8756, d_norms=9
2026-07-03 18:00:38,968 [INFO] [954/1380] Processing config_6_7_5.pkl (i=6, t=7, n=5)
2026-07-03 18:00:39,145 [INFO]   -> NOT converged, iters=14, LB=-2.8949, UB=-2.8886, d_norms=13
2026-07-03 18:00:39,146 [INFO] [955/1380] Processing config_6_8_0.pkl (i=6, t=8, n=0)
2026-07-03 18:00:39,334 [INFO]   -> NOT converged, iters=17, LB=-2.6979, UB=-2.6926, d_norms=16
2026-07-03 18:00:39,336 [INFO] [956/1380] Processing config_6_8_1.pkl (i=6, t=8, n=1)
2026-07-03 18:00:39,452 [INFO]   -> NOT converged, iters=7, LB=-2.7163, UB=-2.7163, d_norms=6
2026-07-03 18:00:39,453 [INFO] [957/1380] Processing config_6_8_2.pkl (i=6, t=8, n=2)
2026-07-03 18:00:39,614 [INFO]   -> NOT converged, iters=10, LB=-2.7081, UB=-2.7081, d_norms=9
2026-07-03 18:00:39,615 [INFO] [958/1380] Processing config_6_8_3.pkl (i=6, t=8, n=3)
2026-07-03 18:00:39,788 [INFO]   -> NOT converged, iters=16, LB=-2.7145, UB=-2.7094, d_norms=15
2026-07-03 18:00:39,789 [INFO] [959/1380] Processing config_6_8_4.pkl (i=6, t=8, n=4)
2026-07-03 18:00:39,929 [INFO]   -> NOT converged, iters=12, LB=-2.7469, UB=-2.7422, d_norms=11
2026-07-03 18:00:39,930 [INFO] [960/1380] Processing config_6_8_5.pkl (i=6, t=8, n=5)
2026-07-03 18:00:40,113 [INFO]   -> NOT converged, iters=15, LB=-2.7383, UB=-2.7332, d_norms=14
2026-07-03 18:00:40,114 [INFO] [961/1380] Processing config_6_9_0.pkl (i=6, t=9, n=0)
2026-07-03 18:00:40,242 [INFO]   -> NOT converged, iters=11, LB=-2.5809, UB=-2.5805, d_norms=10
2026-07-03 18:00:40,244 [INFO] [962/1380] Processing config_6_9_1.pkl (i=6, t=9, n=1)
2026-07-03 18:00:40,390 [INFO]   -> NOT converged, iters=13, LB=-2.5607, UB=-2.5538, d_norms=12
2026-07-03 18:00:40,391 [INFO] [963/1380] Processing config_6_9_2.pkl (i=6, t=9, n=2)
2026-07-03 18:00:40,585 [INFO]   -> NOT converged, iters=14, LB=-2.5504, UB=-2.5488, d_norms=13
2026-07-03 18:00:40,586 [INFO] [964/1380] Processing config_6_9_3.pkl (i=6, t=9, n=3)
2026-07-03 18:00:40,739 [INFO]   -> NOT converged, iters=14, LB=-2.5752, UB=-2.5735, d_norms=13
2026-07-03 18:00:40,741 [INFO] [965/1380] Processing config_6_9_4.pkl (i=6, t=9, n=4)
2026-07-03 18:00:40,908 [INFO]   -> NOT converged, iters=16, LB=-2.5646, UB=-2.5577, d_norms=15
2026-07-03 18:00:40,910 [INFO] [966/1380] Processing config_6_9_5.pkl (i=6, t=9, n=5)
2026-07-03 18:00:41,073 [INFO]   -> NOT converged, iters=15, LB=-2.5182, UB=-2.5165, d_norms=14
2026-07-03 18:00:41,074 [INFO] [967/1380] Processing config_7_10_0.pkl (i=7, t=10, n=0)
2026-07-03 18:00:41,191 [INFO]   -> NOT converged, iters=7, LB=-2.4205, UB=-2.4204, d_norms=6
2026-07-03 18:00:41,193 [INFO] [968/1380] Processing config_7_10_1.pkl (i=7, t=10, n=1)
2026-07-03 18:00:41,391 [INFO]   -> NOT converged, iters=18, LB=-2.4370, UB=-2.4291, d_norms=17
2026-07-03 18:00:41,393 [INFO] [969/1380] Processing config_7_10_2.pkl (i=7, t=10, n=2)
2026-07-03 18:00:41,551 [INFO]   -> NOT converged, iters=15, LB=-2.3958, UB=-2.3916, d_norms=14
2026-07-03 18:00:41,553 [INFO] [970/1380] Processing config_7_10_3.pkl (i=7, t=10, n=3)
2026-07-03 18:00:41,737 [INFO]   -> NOT converged, iters=14, LB=-2.4297, UB=-2.4185, d_norms=13
2026-07-03 18:00:41,738 [INFO] [971/1380] Processing config_7_10_4.pkl (i=7, t=10, n=4)
2026-07-03 18:00:41,921 [INFO]   -> NOT converged, iters=16, LB=-2.4371, UB=-2.4313, d_norms=15
2026-07-03 18:00:41,923 [INFO] [972/1380] Processing config_7_10_5.pkl (i=7, t=10, n=5)
2026-07-03 18:00:42,065 [INFO]   -> NOT converged, iters=11, LB=-2.4144, UB=-2.4141, d_norms=10
2026-07-03 18:00:42,066 [INFO] [973/1380] Processing config_7_11_0.pkl (i=7, t=11, n=0)
2026-07-03 18:00:42,212 [INFO]   -> NOT converged, iters=12, LB=-2.2295, UB=-2.2236, d_norms=11
2026-07-03 18:00:42,214 [INFO] [974/1380] Processing config_7_11_1.pkl (i=7, t=11, n=1)
2026-07-03 18:00:42,330 [INFO]   -> NOT converged, iters=7, LB=-2.2535, UB=-2.2535, d_norms=6
2026-07-03 18:00:42,331 [INFO] [975/1380] Processing config_7_11_2.pkl (i=7, t=11, n=2)
2026-07-03 18:00:42,473 [INFO]   -> NOT converged, iters=12, LB=-2.2747, UB=-2.2689, d_norms=11
2026-07-03 18:00:42,474 [INFO] [976/1380] Processing config_7_11_3.pkl (i=7, t=11, n=3)
2026-07-03 18:00:42,626 [INFO]   -> NOT converged, iters=15, LB=-2.2881, UB=-2.2810, d_norms=14
2026-07-03 18:00:42,627 [INFO] [977/1380] Processing config_7_11_4.pkl (i=7, t=11, n=4)
2026-07-03 18:00:42,784 [INFO]   -> NOT converged, iters=13, LB=-2.2362, UB=-2.2304, d_norms=12
2026-07-03 18:00:42,786 [INFO] [978/1380] Processing config_7_11_5.pkl (i=7, t=11, n=5)
2026-07-03 18:00:42,918 [INFO]   -> NOT converged, iters=10, LB=-2.2531, UB=-2.2531, d_norms=9
2026-07-03 18:00:42,920 [INFO] [979/1380] Processing config_7_12_0.pkl (i=7, t=12, n=0)
2026-07-03 18:00:43,052 [INFO]   -> NOT converged, iters=10, LB=-2.0949, UB=-2.0902, d_norms=9
2026-07-03 18:00:43,053 [INFO] [980/1380] Processing config_7_12_1.pkl (i=7, t=12, n=1)
2026-07-03 18:00:43,209 [INFO]   -> NOT converged, iters=14, LB=-2.1082, UB=-2.1026, d_norms=13
2026-07-03 18:00:43,211 [INFO] [981/1380] Processing config_7_12_2.pkl (i=7, t=12, n=2)
2026-07-03 18:00:43,380 [INFO]   -> NOT converged, iters=14, LB=-2.0751, UB=-2.0712, d_norms=13
2026-07-03 18:00:43,381 [INFO] [982/1380] Processing config_7_12_3.pkl (i=7, t=12, n=3)
2026-07-03 18:00:43,554 [INFO]   -> NOT converged, iters=14, LB=-2.0819, UB=-2.0781, d_norms=13
2026-07-03 18:00:43,556 [INFO] [983/1380] Processing config_7_12_4.pkl (i=7, t=12, n=4)
2026-07-03 18:00:43,683 [INFO]   -> NOT converged, iters=11, LB=-2.1273, UB=-2.1253, d_norms=10
2026-07-03 18:00:43,684 [INFO] [984/1380] Processing config_7_12_5.pkl (i=7, t=12, n=5)
2026-07-03 18:00:43,832 [INFO]   -> NOT converged, iters=13, LB=-2.0522, UB=-2.0481, d_norms=12
2026-07-03 18:00:43,833 [INFO] [985/1380] Processing config_7_13_0.pkl (i=7, t=13, n=0)
2026-07-03 18:00:43,990 [INFO]   -> NOT converged, iters=13, LB=-1.9058, UB=-1.9018, d_norms=12
2026-07-03 18:00:43,991 [INFO] [986/1380] Processing config_7_13_1.pkl (i=7, t=13, n=1)
2026-07-03 18:00:44,147 [INFO]   -> NOT converged, iters=13, LB=-1.8911, UB=-1.8869, d_norms=12
2026-07-03 18:00:44,149 [INFO] [987/1380] Processing config_7_13_2.pkl (i=7, t=13, n=2)
2026-07-03 18:00:44,279 [INFO]   -> NOT converged, iters=10, LB=-1.8865, UB=-1.8865, d_norms=9
2026-07-03 18:00:44,280 [INFO] [988/1380] Processing config_7_13_3.pkl (i=7, t=13, n=3)
2026-07-03 18:00:44,415 [INFO]   -> NOT converged, iters=12, LB=-1.9432, UB=-1.9431, d_norms=11
2026-07-03 18:00:44,416 [INFO] [989/1380] Processing config_7_13_4.pkl (i=7, t=13, n=4)
2026-07-03 18:00:44,580 [INFO]   -> NOT converged, iters=14, LB=-1.9195, UB=-1.9162, d_norms=13
2026-07-03 18:00:44,582 [INFO] [990/1380] Processing config_7_13_5.pkl (i=7, t=13, n=5)
2026-07-03 18:00:44,757 [INFO]   -> NOT converged, iters=14, LB=-1.9101, UB=-1.9062, d_norms=13
2026-07-03 18:00:44,758 [INFO] [991/1380] Processing config_7_14_0.pkl (i=7, t=14, n=0)
2026-07-03 18:00:44,901 [INFO]   -> NOT converged, iters=11, LB=-1.7388, UB=-1.7384, d_norms=10
2026-07-03 18:00:44,902 [INFO] [992/1380] Processing config_7_14_1.pkl (i=7, t=14, n=1)
2026-07-03 18:00:45,042 [INFO]   -> NOT converged, iters=12, LB=-1.7103, UB=-1.7103, d_norms=11
2026-07-03 18:00:45,043 [INFO] [993/1380] Processing config_7_14_2.pkl (i=7, t=14, n=2)
2026-07-03 18:00:45,193 [INFO]   -> NOT converged, iters=13, LB=-1.7273, UB=-1.7240, d_norms=12
2026-07-03 18:00:45,195 [INFO] [994/1380] Processing config_7_14_3.pkl (i=7, t=14, n=3)
2026-07-03 18:00:45,415 [INFO]   -> NOT converged, iters=21, LB=-1.7161, UB=-1.7127, d_norms=20
2026-07-03 18:00:45,417 [INFO] [995/1380] Processing config_7_14_4.pkl (i=7, t=14, n=4)
2026-07-03 18:00:45,573 [INFO]   -> NOT converged, iters=13, LB=-1.7251, UB=-1.7217, d_norms=12
2026-07-03 18:00:45,575 [INFO] [996/1380] Processing config_7_14_5.pkl (i=7, t=14, n=5)
2026-07-03 18:00:45,753 [INFO]   -> NOT converged, iters=16, LB=-1.7094, UB=-1.7088, d_norms=15
2026-07-03 18:00:45,755 [INFO] [997/1380] Processing config_7_15_0.pkl (i=7, t=15, n=0)
2026-07-03 18:00:45,947 [INFO]   -> NOT converged, iters=19, LB=-1.5172, UB=-1.5123, d_norms=18
2026-07-03 18:00:45,949 [INFO] [998/1380] Processing config_7_15_1.pkl (i=7, t=15, n=1)
2026-07-03 18:00:46,121 [INFO]   -> NOT converged, iters=17, LB=-1.5115, UB=-1.5054, d_norms=16
2026-07-03 18:00:46,122 [INFO] [999/1380] Processing config_7_15_2.pkl (i=7, t=15, n=2)
2026-07-03 18:00:46,289 [INFO]   -> NOT converged, iters=15, LB=-1.5423, UB=-1.5378, d_norms=14
2026-07-03 18:00:46,290 [INFO] [1000/1380] Processing config_7_15_3.pkl (i=7, t=15, n=3)
2026-07-03 18:00:46,460 [INFO]   -> NOT converged, iters=14, LB=-1.5753, UB=-1.5731, d_norms=13
2026-07-03 18:00:46,462 [INFO] [1001/1380] Processing config_7_15_4.pkl (i=7, t=15, n=4)
2026-07-03 18:00:46,639 [INFO]   -> NOT converged, iters=16, LB=-1.5461, UB=-1.5415, d_norms=15
2026-07-03 18:00:46,640 [INFO] [1002/1380] Processing config_7_15_5.pkl (i=7, t=15, n=5)
2026-07-03 18:00:46,845 [INFO]   -> NOT converged, iters=19, LB=-1.5182, UB=-1.5132, d_norms=18
2026-07-03 18:00:46,846 [INFO] [1003/1380] Processing config_7_16_0.pkl (i=7, t=16, n=0)
2026-07-03 18:00:46,990 [INFO]   -> NOT converged, iters=11, LB=-1.3627, UB=-1.3592, d_norms=10
2026-07-03 18:00:46,992 [INFO] [1004/1380] Processing config_7_16_1.pkl (i=7, t=16, n=1)
2026-07-03 18:00:47,118 [INFO]   -> NOT converged, iters=10, LB=-1.3517, UB=-1.3463, d_norms=9
2026-07-03 18:00:47,120 [INFO] [1005/1380] Processing config_7_16_2.pkl (i=7, t=16, n=2)
2026-07-03 18:00:47,247 [INFO]   -> NOT converged, iters=11, LB=-1.3555, UB=-1.3518, d_norms=10
2026-07-03 18:00:47,249 [INFO] [1006/1380] Processing config_7_16_3.pkl (i=7, t=16, n=3)
2026-07-03 18:00:47,384 [INFO]   -> NOT converged, iters=11, LB=-1.3736, UB=-1.3683, d_norms=10
2026-07-03 18:00:47,386 [INFO] [1007/1380] Processing config_7_16_4.pkl (i=7, t=16, n=4)
2026-07-03 18:00:47,520 [INFO]   -> NOT converged, iters=10, LB=-1.3515, UB=-1.3461, d_norms=9
2026-07-03 18:00:47,522 [INFO] [1008/1380] Processing config_7_16_5.pkl (i=7, t=16, n=5)
2026-07-03 18:00:47,659 [INFO]   -> NOT converged, iters=11, LB=-1.3732, UB=-1.3679, d_norms=10
2026-07-03 18:00:47,661 [INFO] [1009/1380] Processing config_7_17_0.pkl (i=7, t=17, n=0)
2026-07-03 18:00:47,818 [INFO]   -> NOT converged, iters=13, LB=-1.1940, UB=-1.1918, d_norms=12
2026-07-03 18:00:47,818 [INFO] [1010/1380] Processing config_7_17_1.pkl (i=7, t=17, n=1)
2026-07-03 18:00:47,947 [INFO]   -> NOT converged, iters=10, LB=-1.1763, UB=-1.1740, d_norms=9
2026-07-03 18:00:47,948 [INFO] [1011/1380] Processing config_7_17_2.pkl (i=7, t=17, n=2)
2026-07-03 18:00:48,080 [INFO]   -> NOT converged, iters=10, LB=-1.1913, UB=-1.1891, d_norms=9
2026-07-03 18:00:48,081 [INFO] [1012/1380] Processing config_7_17_3.pkl (i=7, t=17, n=3)
2026-07-03 18:00:48,234 [INFO]   -> NOT converged, iters=13, LB=-1.1472, UB=-1.1442, d_norms=12
2026-07-03 18:00:48,236 [INFO] [1013/1380] Processing config_7_17_4.pkl (i=7, t=17, n=4)
2026-07-03 18:00:48,406 [INFO]   -> NOT converged, iters=16, LB=-1.1531, UB=-1.1506, d_norms=15
2026-07-03 18:00:48,407 [INFO] [1014/1380] Processing config_7_17_5.pkl (i=7, t=17, n=5)
2026-07-03 18:00:48,533 [INFO]   -> NOT converged, iters=10, LB=-1.1855, UB=-1.1833, d_norms=9
2026-07-03 18:00:48,534 [INFO] [1015/1380] Processing config_7_18_0.pkl (i=7, t=18, n=0)
2026-07-03 18:00:48,702 [INFO]   -> NOT converged, iters=15, LB=-1.0201, UB=-1.0190, d_norms=14
2026-07-03 18:00:48,704 [INFO] [1016/1380] Processing config_7_18_1.pkl (i=7, t=18, n=1)
2026-07-03 18:00:48,845 [INFO]   -> NOT converged, iters=11, LB=-1.0268, UB=-1.0220, d_norms=10
2026-07-03 18:00:48,846 [INFO] [1017/1380] Processing config_7_18_2.pkl (i=7, t=18, n=2)
2026-07-03 18:00:48,967 [INFO]   -> NOT converged, iters=10, LB=-1.0395, UB=-1.0374, d_norms=9
2026-07-03 18:00:48,969 [INFO] [1018/1380] Processing config_7_18_3.pkl (i=7, t=18, n=3)
2026-07-03 18:00:49,103 [INFO]   -> NOT converged, iters=12, LB=-1.0307, UB=-1.0307, d_norms=11
2026-07-03 18:00:49,104 [INFO] [1019/1380] Processing config_7_18_4.pkl (i=7, t=18, n=4)
2026-07-03 18:00:49,233 [INFO]   -> NOT converged, iters=10, LB=-1.0057, UB=-1.0028, d_norms=9
2026-07-03 18:00:49,234 [INFO] [1020/1380] Processing config_7_18_5.pkl (i=7, t=18, n=5)
2026-07-03 18:00:49,387 [INFO]   -> NOT converged, iters=13, LB=-1.0185, UB=-1.0164, d_norms=12
2026-07-03 18:00:49,388 [INFO] [1021/1380] Processing config_7_19_0.pkl (i=7, t=19, n=0)
2026-07-03 18:00:49,488 [INFO]   -> NOT converged, iters=6, LB=-0.8453, UB=-0.8453, d_norms=5
2026-07-03 18:00:49,490 [INFO] [1022/1380] Processing config_7_19_1.pkl (i=7, t=19, n=1)
2026-07-03 18:00:49,639 [INFO]   -> NOT converged, iters=13, LB=-0.8389, UB=-0.8379, d_norms=12
2026-07-03 18:00:49,641 [INFO] [1023/1380] Processing config_7_19_2.pkl (i=7, t=19, n=2)
2026-07-03 18:00:49,817 [INFO]   -> NOT converged, iters=17, LB=-0.8299, UB=-0.8285, d_norms=16
2026-07-03 18:00:49,817 [INFO] [1024/1380] Processing config_7_19_3.pkl (i=7, t=19, n=3)
2026-07-03 18:00:49,973 [INFO]   -> NOT converged, iters=14, LB=-0.8199, UB=-0.8185, d_norms=13
2026-07-03 18:00:49,975 [INFO] [1025/1380] Processing config_7_19_4.pkl (i=7, t=19, n=4)
2026-07-03 18:00:50,126 [INFO]   -> NOT converged, iters=12, LB=-0.8350, UB=-0.8334, d_norms=11
2026-07-03 18:00:50,127 [INFO] [1026/1380] Processing config_7_19_5.pkl (i=7, t=19, n=5)
2026-07-03 18:00:50,307 [INFO]   -> NOT converged, iters=18, LB=-0.8272, UB=-0.8257, d_norms=17
2026-07-03 18:00:50,309 [INFO] [1027/1380] Processing config_7_1_0.pkl (i=7, t=1, n=0)
2026-07-03 18:00:50,513 [INFO]   -> NOT converged, iters=20, LB=-4.0422, UB=-4.0338, d_norms=19
2026-07-03 18:00:50,515 [INFO] [1028/1380] Processing config_7_1_1.pkl (i=7, t=1, n=1)
2026-07-03 18:00:50,721 [INFO]   -> NOT converged, iters=21, LB=-4.0410, UB=-4.0294, d_norms=20
2026-07-03 18:00:50,723 [INFO] [1029/1380] Processing config_7_1_2.pkl (i=7, t=1, n=2)
2026-07-03 18:00:50,925 [INFO]   -> NOT converged, iters=18, LB=-4.0082, UB=-3.9941, d_norms=17
2026-07-03 18:00:50,941 [INFO] [1030/1380] Processing config_7_1_3.pkl (i=7, t=1, n=3)
2026-07-03 18:00:51,138 [INFO]   -> NOT converged, iters=19, LB=-3.9694, UB=-3.9522, d_norms=18
2026-07-03 18:00:51,140 [INFO] [1031/1380] Processing config_7_1_4.pkl (i=7, t=1, n=4)
2026-07-03 18:00:51,339 [INFO]   -> NOT converged, iters=19, LB=-3.9886, UB=-3.9758, d_norms=18
2026-07-03 18:00:51,341 [INFO] [1032/1380] Processing config_7_1_5.pkl (i=7, t=1, n=5)
2026-07-03 18:00:51,525 [INFO]   -> NOT converged, iters=17, LB=-4.0033, UB=-3.9898, d_norms=16
2026-07-03 18:00:51,526 [INFO] [1033/1380] Processing config_7_20_0.pkl (i=7, t=20, n=0)
2026-07-03 18:00:51,702 [INFO]   -> NOT converged, iters=16, LB=-0.6522, UB=-0.6491, d_norms=15
2026-07-03 18:00:51,704 [INFO] [1034/1380] Processing config_7_20_1.pkl (i=7, t=20, n=1)
2026-07-03 18:00:51,852 [INFO]   -> NOT converged, iters=14, LB=-0.6445, UB=-0.6430, d_norms=13
2026-07-03 18:00:51,855 [INFO] [1035/1380] Processing config_7_20_2.pkl (i=7, t=20, n=2)
2026-07-03 18:00:52,012 [INFO]   -> NOT converged, iters=14, LB=-0.6730, UB=-0.6709, d_norms=13
2026-07-03 18:00:52,012 [INFO] [1036/1380] Processing config_7_20_3.pkl (i=7, t=20, n=3)
2026-07-03 18:00:52,186 [INFO]   -> NOT converged, iters=15, LB=-0.6769, UB=-0.6759, d_norms=14
2026-07-03 18:00:52,187 [INFO] [1037/1380] Processing config_7_20_4.pkl (i=7, t=20, n=4)
2026-07-03 18:00:52,346 [INFO]   -> NOT converged, iters=15, LB=-0.6106, UB=-0.6099, d_norms=14
2026-07-03 18:00:52,347 [INFO] [1038/1380] Processing config_7_20_5.pkl (i=7, t=20, n=5)
2026-07-03 18:00:52,507 [INFO]   -> NOT converged, iters=16, LB=-0.6477, UB=-0.6466, d_norms=15
2026-07-03 18:00:52,508 [INFO] [1039/1380] Processing config_7_21_0.pkl (i=7, t=21, n=0)
2026-07-03 18:00:52,676 [INFO]   -> NOT converged, iters=16, LB=-0.4642, UB=-0.4635, d_norms=15
2026-07-03 18:00:52,678 [INFO] [1040/1380] Processing config_7_21_1.pkl (i=7, t=21, n=1)
2026-07-03 18:00:52,831 [INFO]   -> NOT converged, iters=13, LB=-0.4386, UB=-0.4371, d_norms=12
2026-07-03 18:00:52,832 [INFO] [1041/1380] Processing config_7_21_2.pkl (i=7, t=21, n=2)
2026-07-03 18:00:52,938 [INFO]   -> NOT converged, iters=6, LB=-0.4532, UB=-0.4532, d_norms=5
2026-07-03 18:00:52,940 [INFO] [1042/1380] Processing config_7_21_3.pkl (i=7, t=21, n=3)
2026-07-03 18:00:53,071 [INFO]   -> NOT converged, iters=12, LB=-0.5231, UB=-0.5216, d_norms=11
2026-07-03 18:00:53,072 [INFO] [1043/1380] Processing config_7_21_4.pkl (i=7, t=21, n=4)
2026-07-03 18:00:53,226 [INFO]   -> NOT converged, iters=14, LB=-0.4348, UB=-0.4341, d_norms=13
2026-07-03 18:00:53,227 [INFO] [1044/1380] Processing config_7_21_5.pkl (i=7, t=21, n=5)
2026-07-03 18:00:53,377 [INFO]   -> NOT converged, iters=12, LB=-0.4929, UB=-0.4917, d_norms=11
2026-07-03 18:00:53,379 [INFO] [1045/1380] Processing config_7_22_0.pkl (i=7, t=22, n=0)
2026-07-03 18:00:53,535 [INFO]   -> NOT converged, iters=13, LB=-0.1079, UB=-0.1075, d_norms=12
2026-07-03 18:00:53,536 [INFO] [1046/1380] Processing config_7_22_1.pkl (i=7, t=22, n=1)
2026-07-03 18:00:53,692 [INFO]   -> NOT converged, iters=13, LB=-0.2645, UB=-0.2636, d_norms=12
2026-07-03 18:00:53,695 [INFO] [1047/1380] Processing config_7_22_2.pkl (i=7, t=22, n=2)
2026-07-03 18:00:53,871 [INFO]   -> NOT converged, iters=14, LB=-0.1341, UB=-0.1337, d_norms=13
2026-07-03 18:00:53,872 [INFO] [1048/1380] Processing config_7_22_3.pkl (i=7, t=22, n=3)
2026-07-03 18:00:54,028 [INFO]   -> NOT converged, iters=15, LB=-0.0983, UB=-0.0980, d_norms=14
2026-07-03 18:00:54,030 [INFO] [1049/1380] Processing config_7_22_4.pkl (i=7, t=22, n=4)
2026-07-03 18:00:54,260 [INFO]   -> NOT converged, iters=23, LB=-0.1088, UB=-0.1087, d_norms=22
2026-07-03 18:00:54,262 [INFO] [1050/1380] Processing config_7_22_5.pkl (i=7, t=22, n=5)
2026-07-03 18:00:54,416 [INFO]   -> NOT converged, iters=12, LB=-0.2723, UB=-0.2713, d_norms=11
2026-07-03 18:00:54,417 [INFO] [1051/1380] Processing config_7_23_0.pkl (i=7, t=23, n=0)
2026-07-03 18:00:54,516 [INFO]   -> converged, iters=16, LB=2.2821, UB=2.2888, d_norms=15
2026-07-03 18:00:54,518 [INFO] [1052/1380] Processing config_7_23_1.pkl (i=7, t=23, n=1)
2026-07-03 18:00:54,627 [INFO]   -> converged, iters=18, LB=0.2020, UB=0.2028, d_norms=17
2026-07-03 18:00:54,628 [INFO] [1053/1380] Processing config_7_23_2.pkl (i=7, t=23, n=2)
2026-07-03 18:00:54,792 [INFO]   -> converged, iters=24, LB=0.1456, UB=0.1460, d_norms=23
2026-07-03 18:00:54,794 [INFO] [1054/1380] Processing config_7_23_3.pkl (i=7, t=23, n=3)
2026-07-03 18:00:54,899 [INFO]   -> converged, iters=18, LB=8.7236, UB=8.7627, d_norms=17
2026-07-03 18:00:54,900 [INFO] [1055/1380] Processing config_7_23_4.pkl (i=7, t=23, n=4)
2026-07-03 18:00:55,010 [INFO]   -> converged, iters=18, LB=7.3817, UB=7.4183, d_norms=17
2026-07-03 18:00:55,011 [INFO] [1056/1380] Processing config_7_23_5.pkl (i=7, t=23, n=5)
2026-07-03 18:00:55,140 [INFO]   -> NOT converged, iters=19, LB=-0.0173, UB=-0.0173, d_norms=18
2026-07-03 18:00:55,142 [INFO] [1057/1380] Processing config_7_2_0.pkl (i=7, t=2, n=0)
2026-07-03 18:00:55,316 [INFO]   -> NOT converged, iters=17, LB=-3.7849, UB=-3.7787, d_norms=16
2026-07-03 18:00:55,318 [INFO] [1058/1380] Processing config_7_2_1.pkl (i=7, t=2, n=1)
2026-07-03 18:00:55,480 [INFO]   -> NOT converged, iters=16, LB=-3.7933, UB=-3.7864, d_norms=15
2026-07-03 18:00:55,481 [INFO] [1059/1380] Processing config_7_2_2.pkl (i=7, t=2, n=2)
2026-07-03 18:00:55,700 [INFO]   -> NOT converged, iters=17, LB=-3.7796, UB=-3.7664, d_norms=16
2026-07-03 18:00:55,702 [INFO] [1060/1380] Processing config_7_2_3.pkl (i=7, t=2, n=3)
2026-07-03 18:00:55,887 [INFO]   -> NOT converged, iters=18, LB=-3.7932, UB=-3.7866, d_norms=17
2026-07-03 18:00:55,889 [INFO] [1061/1380] Processing config_7_2_4.pkl (i=7, t=2, n=4)
2026-07-03 18:00:56,051 [INFO]   -> NOT converged, iters=16, LB=-3.8059, UB=-3.7889, d_norms=15
2026-07-03 18:00:56,052 [INFO] [1062/1380] Processing config_7_2_5.pkl (i=7, t=2, n=5)
2026-07-03 18:00:56,217 [INFO]   -> NOT converged, iters=17, LB=-3.7462, UB=-3.7346, d_norms=16
2026-07-03 18:00:56,217 [INFO] [1063/1380] Processing config_7_3_0.pkl (i=7, t=3, n=0)
2026-07-03 18:00:56,400 [INFO]   -> NOT converged, iters=18, LB=-3.6298, UB=-3.6125, d_norms=17
2026-07-03 18:00:56,402 [INFO] [1064/1380] Processing config_7_3_1.pkl (i=7, t=3, n=1)
2026-07-03 18:00:56,589 [INFO]   -> NOT converged, iters=18, LB=-3.5976, UB=-3.5875, d_norms=17
2026-07-03 18:00:56,591 [INFO] [1065/1380] Processing config_7_3_2.pkl (i=7, t=3, n=2)
2026-07-03 18:00:56,751 [INFO]   -> NOT converged, iters=15, LB=-3.5887, UB=-3.5730, d_norms=14
2026-07-03 18:00:56,753 [INFO] [1066/1380] Processing config_7_3_3.pkl (i=7, t=3, n=3)
2026-07-03 18:00:56,929 [INFO]   -> NOT converged, iters=16, LB=-3.6296, UB=-3.6203, d_norms=15
2026-07-03 18:00:56,930 [INFO] [1067/1380] Processing config_7_3_4.pkl (i=7, t=3, n=4)
2026-07-03 18:00:57,097 [INFO]   -> NOT converged, iters=15, LB=-3.5808, UB=-3.5651, d_norms=14
2026-07-03 18:00:57,098 [INFO] [1068/1380] Processing config_7_3_5.pkl (i=7, t=3, n=5)
2026-07-03 18:00:57,268 [INFO]   -> NOT converged, iters=16, LB=-3.5777, UB=-3.5644, d_norms=15
2026-07-03 18:00:57,269 [INFO] [1069/1380] Processing config_7_4_0.pkl (i=7, t=4, n=0)
2026-07-03 18:00:57,439 [INFO]   -> NOT converged, iters=17, LB=-3.3704, UB=-3.3620, d_norms=16
2026-07-03 18:00:57,441 [INFO] [1070/1380] Processing config_7_4_1.pkl (i=7, t=4, n=1)
2026-07-03 18:00:57,611 [INFO]   -> NOT converged, iters=16, LB=-3.4104, UB=-3.4013, d_norms=15
2026-07-03 18:00:57,612 [INFO] [1071/1380] Processing config_7_4_2.pkl (i=7, t=4, n=2)
2026-07-03 18:00:57,796 [INFO]   -> NOT converged, iters=18, LB=-3.4131, UB=-3.4036, d_norms=17
2026-07-03 18:00:57,798 [INFO] [1072/1380] Processing config_7_4_3.pkl (i=7, t=4, n=3)
2026-07-03 18:00:57,978 [INFO]   -> NOT converged, iters=18, LB=-3.4115, UB=-3.4037, d_norms=17
2026-07-03 18:00:57,979 [INFO] [1073/1380] Processing config_7_4_4.pkl (i=7, t=4, n=4)
2026-07-03 18:00:58,148 [INFO]   -> NOT converged, iters=17, LB=-3.3900, UB=-3.3771, d_norms=16
2026-07-03 18:00:58,149 [INFO] [1074/1380] Processing config_7_4_5.pkl (i=7, t=4, n=5)
2026-07-03 18:00:58,309 [INFO]   -> NOT converged, iters=16, LB=-3.3993, UB=-3.3925, d_norms=15
2026-07-03 18:00:58,310 [INFO] [1075/1380] Processing config_7_5_0.pkl (i=7, t=5, n=0)
2026-07-03 18:00:58,487 [INFO]   -> NOT converged, iters=16, LB=-3.2415, UB=-3.2343, d_norms=15
2026-07-03 18:00:58,489 [INFO] [1076/1380] Processing config_7_5_1.pkl (i=7, t=5, n=1)
2026-07-03 18:00:58,632 [INFO]   -> NOT converged, iters=12, LB=-3.2295, UB=-3.2219, d_norms=11
2026-07-03 18:00:58,634 [INFO] [1077/1380] Processing config_7_5_2.pkl (i=7, t=5, n=2)
2026-07-03 18:00:58,795 [INFO]   -> NOT converged, iters=16, LB=-3.2671, UB=-3.2645, d_norms=15
2026-07-03 18:00:58,797 [INFO] [1078/1380] Processing config_7_5_3.pkl (i=7, t=5, n=3)
2026-07-03 18:00:58,989 [INFO]   -> NOT converged, iters=18, LB=-3.2496, UB=-3.2345, d_norms=17
2026-07-03 18:00:58,991 [INFO] [1079/1380] Processing config_7_5_4.pkl (i=7, t=5, n=4)
2026-07-03 18:00:59,225 [INFO]   -> NOT converged, iters=22, LB=-3.2209, UB=-3.2151, d_norms=21
2026-07-03 18:00:59,226 [INFO] [1080/1380] Processing config_7_5_5.pkl (i=7, t=5, n=5)
2026-07-03 18:00:59,379 [INFO]   -> NOT converged, iters=13, LB=-3.2449, UB=-3.2366, d_norms=12
2026-07-03 18:00:59,381 [INFO] [1081/1380] Processing config_7_6_0.pkl (i=7, t=6, n=0)
2026-07-03 18:00:59,538 [INFO]   -> NOT converged, iters=12, LB=-3.0763, UB=-3.0720, d_norms=11
2026-07-03 18:00:59,538 [INFO] [1082/1380] Processing config_7_6_1.pkl (i=7, t=6, n=1)
2026-07-03 18:00:59,678 [INFO]   -> NOT converged, iters=12, LB=-3.0877, UB=-3.0831, d_norms=11
2026-07-03 18:00:59,680 [INFO] [1083/1380] Processing config_7_6_2.pkl (i=7, t=6, n=2)
2026-07-03 18:00:59,838 [INFO]   -> NOT converged, iters=14, LB=-3.0513, UB=-3.0462, d_norms=13
2026-07-03 18:00:59,840 [INFO] [1084/1380] Processing config_7_6_3.pkl (i=7, t=6, n=3)
2026-07-03 18:00:59,971 [INFO]   -> NOT converged, iters=11, LB=-3.0960, UB=-3.0850, d_norms=10
2026-07-03 18:00:59,973 [INFO] [1085/1380] Processing config_7_6_4.pkl (i=7, t=6, n=4)
2026-07-03 18:01:00,128 [INFO]   -> NOT converged, iters=13, LB=-3.0575, UB=-3.0524, d_norms=12
2026-07-03 18:01:00,130 [INFO] [1086/1380] Processing config_7_6_5.pkl (i=7, t=6, n=5)
2026-07-03 18:01:00,294 [INFO]   -> NOT converged, iters=14, LB=-3.0753, UB=-3.0709, d_norms=13
2026-07-03 18:01:00,296 [INFO] [1087/1380] Processing config_7_7_0.pkl (i=7, t=7, n=0)
2026-07-03 18:01:00,464 [INFO]   -> NOT converged, iters=14, LB=-2.9228, UB=-2.9126, d_norms=13
2026-07-03 18:01:00,464 [INFO] [1088/1380] Processing config_7_7_1.pkl (i=7, t=7, n=1)
2026-07-03 18:01:00,630 [INFO]   -> NOT converged, iters=16, LB=-2.9045, UB=-2.8938, d_norms=15
2026-07-03 18:01:00,632 [INFO] [1089/1380] Processing config_7_7_2.pkl (i=7, t=7, n=2)
2026-07-03 18:01:00,755 [INFO]   -> NOT converged, iters=10, LB=-2.9379, UB=-2.9236, d_norms=9
2026-07-03 18:01:00,756 [INFO] [1090/1380] Processing config_7_7_3.pkl (i=7, t=7, n=3)
2026-07-03 18:01:00,925 [INFO]   -> NOT converged, iters=15, LB=-2.9189, UB=-2.9086, d_norms=14
2026-07-03 18:01:00,926 [INFO] [1091/1380] Processing config_7_7_4.pkl (i=7, t=7, n=4)
2026-07-03 18:01:01,087 [INFO]   -> NOT converged, iters=14, LB=-2.9015, UB=-2.8989, d_norms=13
2026-07-03 18:01:01,088 [INFO] [1092/1380] Processing config_7_7_5.pkl (i=7, t=7, n=5)
2026-07-03 18:01:01,261 [INFO]   -> NOT converged, iters=16, LB=-2.9240, UB=-2.9139, d_norms=15
2026-07-03 18:01:01,262 [INFO] [1093/1380] Processing config_7_8_0.pkl (i=7, t=8, n=0)
2026-07-03 18:01:01,424 [INFO]   -> NOT converged, iters=15, LB=-2.7224, UB=-2.7177, d_norms=14
2026-07-03 18:01:01,425 [INFO] [1094/1380] Processing config_7_8_1.pkl (i=7, t=8, n=1)
2026-07-03 18:01:01,562 [INFO]   -> NOT converged, iters=10, LB=-2.7415, UB=-2.7415, d_norms=9
2026-07-03 18:01:01,563 [INFO] [1095/1380] Processing config_7_8_2.pkl (i=7, t=8, n=2)
2026-07-03 18:01:01,669 [INFO]   -> NOT converged, iters=7, LB=-2.7332, UB=-2.7332, d_norms=6
2026-07-03 18:01:01,671 [INFO] [1096/1380] Processing config_7_8_3.pkl (i=7, t=8, n=3)
2026-07-03 18:01:01,839 [INFO]   -> NOT converged, iters=16, LB=-2.7458, UB=-2.7345, d_norms=15
2026-07-03 18:01:01,842 [INFO] [1097/1380] Processing config_7_8_4.pkl (i=7, t=8, n=4)
2026-07-03 18:01:01,999 [INFO]   -> NOT converged, iters=13, LB=-2.7725, UB=-2.7674, d_norms=12
2026-07-03 18:01:02,000 [INFO] [1098/1380] Processing config_7_8_5.pkl (i=7, t=8, n=5)
2026-07-03 18:01:02,172 [INFO]   -> NOT converged, iters=15, LB=-2.7635, UB=-2.7584, d_norms=14
2026-07-03 18:01:02,174 [INFO] [1099/1380] Processing config_7_9_0.pkl (i=7, t=9, n=0)
2026-07-03 18:01:02,323 [INFO]   -> NOT converged, iters=15, LB=-2.6143, UB=-2.6059, d_norms=14
2026-07-03 18:01:02,324 [INFO] [1100/1380] Processing config_7_9_1.pkl (i=7, t=9, n=1)
2026-07-03 18:01:02,483 [INFO]   -> NOT converged, iters=13, LB=-2.5827, UB=-2.5770, d_norms=12
2026-07-03 18:01:02,484 [INFO] [1101/1380] Processing config_7_9_2.pkl (i=7, t=9, n=2)
2026-07-03 18:01:02,619 [INFO]   -> NOT converged, iters=10, LB=-2.5763, UB=-2.5763, d_norms=9
2026-07-03 18:01:02,620 [INFO] [1102/1380] Processing config_7_9_3.pkl (i=7, t=9, n=3)
2026-07-03 18:01:02,762 [INFO]   -> NOT converged, iters=14, LB=-2.6090, UB=-2.5997, d_norms=13
2026-07-03 18:01:02,765 [INFO] [1103/1380] Processing config_7_9_4.pkl (i=7, t=9, n=4)
2026-07-03 18:01:02,894 [INFO]   -> NOT converged, iters=12, LB=-2.5924, UB=-2.5841, d_norms=11
2026-07-03 18:01:02,895 [INFO] [1104/1380] Processing config_7_9_5.pkl (i=7, t=9, n=5)
2026-07-03 18:01:03,043 [INFO]   -> NOT converged, iters=14, LB=-2.5449, UB=-2.5432, d_norms=13
2026-07-03 18:01:03,045 [INFO] [1105/1380] Processing config_8_10_0.pkl (i=8, t=10, n=0)
2026-07-03 18:01:03,196 [INFO]   -> NOT converged, iters=12, LB=-2.4355, UB=-2.4301, d_norms=11
2026-07-03 18:01:03,197 [INFO] [1106/1380] Processing config_8_10_1.pkl (i=8, t=10, n=1)
2026-07-03 18:01:03,339 [INFO]   -> NOT converged, iters=11, LB=-2.4530, UB=-2.4435, d_norms=10
2026-07-03 18:01:03,340 [INFO] [1107/1380] Processing config_8_10_2.pkl (i=8, t=10, n=2)
2026-07-03 18:01:03,454 [INFO]   -> NOT converged, iters=7, LB=-2.4111, UB=-2.4111, d_norms=6
2026-07-03 18:01:03,455 [INFO] [1108/1380] Processing config_8_10_3.pkl (i=8, t=10, n=3)
2026-07-03 18:01:03,624 [INFO]   -> NOT converged, iters=15, LB=-2.4427, UB=-2.4366, d_norms=14
2026-07-03 18:01:03,626 [INFO] [1109/1380] Processing config_8_10_4.pkl (i=8, t=10, n=4)
2026-07-03 18:01:03,779 [INFO]   -> NOT converged, iters=13, LB=-2.4527, UB=-2.4467, d_norms=12
2026-07-03 18:01:03,780 [INFO] [1110/1380] Processing config_8_10_5.pkl (i=8, t=10, n=5)
2026-07-03 18:01:03,934 [INFO]   -> NOT converged, iters=12, LB=-2.4295, UB=-2.4239, d_norms=11
2026-07-03 18:01:03,935 [INFO] [1111/1380] Processing config_8_11_0.pkl (i=8, t=11, n=0)
2026-07-03 18:01:04,090 [INFO]   -> NOT converged, iters=13, LB=-2.2471, UB=-2.2388, d_norms=12
2026-07-03 18:01:04,091 [INFO] [1112/1380] Processing config_8_11_1.pkl (i=8, t=11, n=1)
2026-07-03 18:01:04,228 [INFO]   -> NOT converged, iters=11, LB=-2.2697, UB=-2.2697, d_norms=10
2026-07-03 18:01:04,229 [INFO] [1113/1380] Processing config_8_11_2.pkl (i=8, t=11, n=2)
2026-07-03 18:01:04,369 [INFO]   -> NOT converged, iters=12, LB=-2.2908, UB=-2.2850, d_norms=11
2026-07-03 18:01:04,371 [INFO] [1114/1380] Processing config_8_11_3.pkl (i=8, t=11, n=3)
2026-07-03 18:01:04,517 [INFO]   -> NOT converged, iters=14, LB=-2.3067, UB=-2.2972, d_norms=13
2026-07-03 18:01:04,518 [INFO] [1115/1380] Processing config_8_11_4.pkl (i=8, t=11, n=4)
2026-07-03 18:01:04,660 [INFO]   -> NOT converged, iters=11, LB=-2.2524, UB=-2.2458, d_norms=10
2026-07-03 18:01:04,662 [INFO] [1116/1380] Processing config_8_11_5.pkl (i=8, t=11, n=5)
2026-07-03 18:01:04,778 [INFO]   -> NOT converged, iters=7, LB=-2.2693, UB=-2.2693, d_norms=6
2026-07-03 18:01:04,779 [INFO] [1117/1380] Processing config_8_12_0.pkl (i=8, t=12, n=0)
2026-07-03 18:01:04,949 [INFO]   -> NOT converged, iters=15, LB=-2.1163, UB=-2.1060, d_norms=14
2026-07-03 18:01:04,951 [INFO] [1118/1380] Processing config_8_12_1.pkl (i=8, t=12, n=1)
2026-07-03 18:01:05,095 [INFO]   -> NOT converged, iters=13, LB=-2.1252, UB=-2.1196, d_norms=12
2026-07-03 18:01:05,097 [INFO] [1119/1380] Processing config_8_12_2.pkl (i=8, t=12, n=2)
2026-07-03 18:01:05,267 [INFO]   -> NOT converged, iters=14, LB=-2.0926, UB=-2.0915, d_norms=13
2026-07-03 18:01:05,268 [INFO] [1120/1380] Processing config_8_12_3.pkl (i=8, t=12, n=3)
2026-07-03 18:01:05,432 [INFO]   -> NOT converged, iters=14, LB=-2.0994, UB=-2.0984, d_norms=13
2026-07-03 18:01:05,434 [INFO] [1121/1380] Processing config_8_12_4.pkl (i=8, t=12, n=4)
2026-07-03 18:01:05,567 [INFO]   -> NOT converged, iters=12, LB=-2.1494, UB=-2.1419, d_norms=11
2026-07-03 18:01:05,568 [INFO] [1122/1380] Processing config_8_12_5.pkl (i=8, t=12, n=5)
2026-07-03 18:01:05,734 [INFO]   -> NOT converged, iters=15, LB=-2.0697, UB=-2.0679, d_norms=14
2026-07-03 18:01:05,735 [INFO] [1123/1380] Processing config_8_13_0.pkl (i=8, t=13, n=0)
2026-07-03 18:01:05,845 [INFO]   -> NOT converged, iters=7, LB=-1.9214, UB=-1.9210, d_norms=6
2026-07-03 18:01:05,846 [INFO] [1124/1380] Processing config_8_13_1.pkl (i=8, t=13, n=1)
2026-07-03 18:01:05,958 [INFO]   -> NOT converged, iters=7, LB=-1.9067, UB=-1.9065, d_norms=6
2026-07-03 18:01:05,959 [INFO] [1125/1380] Processing config_8_13_2.pkl (i=8, t=13, n=2)
2026-07-03 18:01:06,069 [INFO]   -> NOT converged, iters=7, LB=-1.9020, UB=-1.9018, d_norms=6
2026-07-03 18:01:06,071 [INFO] [1126/1380] Processing config_8_13_3.pkl (i=8, t=13, n=3)
2026-07-03 18:01:06,181 [INFO]   -> NOT converged, iters=8, LB=-1.9608, UB=-1.9534, d_norms=7
2026-07-03 18:01:06,182 [INFO] [1127/1380] Processing config_8_13_4.pkl (i=8, t=13, n=4)
2026-07-03 18:01:06,319 [INFO]   -> NOT converged, iters=10, LB=-1.9332, UB=-1.9303, d_norms=9
2026-07-03 18:01:06,321 [INFO] [1128/1380] Processing config_8_13_5.pkl (i=8, t=13, n=5)
2026-07-03 18:01:06,429 [INFO]   -> NOT converged, iters=7, LB=-1.9257, UB=-1.9236, d_norms=6
2026-07-03 18:01:06,430 [INFO] [1129/1380] Processing config_8_14_0.pkl (i=8, t=14, n=0)
2026-07-03 18:01:06,607 [INFO]   -> NOT converged, iters=15, LB=-1.7561, UB=-1.7526, d_norms=14
2026-07-03 18:01:06,608 [INFO] [1130/1380] Processing config_8_14_1.pkl (i=8, t=14, n=1)
2026-07-03 18:01:06,749 [INFO]   -> NOT converged, iters=11, LB=-1.7245, UB=-1.7221, d_norms=10
2026-07-03 18:01:06,750 [INFO] [1131/1380] Processing config_8_14_2.pkl (i=8, t=14, n=2)
2026-07-03 18:01:06,894 [INFO]   -> NOT converged, iters=11, LB=-1.7415, UB=-1.7368, d_norms=10
2026-07-03 18:01:06,895 [INFO] [1132/1380] Processing config_8_14_3.pkl (i=8, t=14, n=3)
2026-07-03 18:01:07,061 [INFO]   -> NOT converged, iters=13, LB=-1.7302, UB=-1.7298, d_norms=12
2026-07-03 18:01:07,063 [INFO] [1133/1380] Processing config_8_14_4.pkl (i=8, t=14, n=4)
2026-07-03 18:01:07,228 [INFO]   -> NOT converged, iters=13, LB=-1.7392, UB=-1.7388, d_norms=12
2026-07-03 18:01:07,229 [INFO] [1134/1380] Processing config_8_14_5.pkl (i=8, t=14, n=5)
2026-07-03 18:01:07,370 [INFO]   -> NOT converged, iters=11, LB=-1.7235, UB=-1.7215, d_norms=10
2026-07-03 18:01:07,371 [INFO] [1135/1380] Processing config_8_15_0.pkl (i=8, t=15, n=0)
2026-07-03 18:01:07,516 [INFO]   -> NOT converged, iters=13, LB=-1.5352, UB=-1.5351, d_norms=12
2026-07-03 18:01:07,518 [INFO] [1136/1380] Processing config_8_15_1.pkl (i=8, t=15, n=1)
2026-07-03 18:01:07,683 [INFO]   -> NOT converged, iters=15, LB=-1.5321, UB=-1.5285, d_norms=14
2026-07-03 18:01:07,684 [INFO] [1137/1380] Processing config_8_15_2.pkl (i=8, t=15, n=2)
2026-07-03 18:01:07,810 [INFO]   -> NOT converged, iters=10, LB=-1.5603, UB=-1.5566, d_norms=9
2026-07-03 18:01:07,811 [INFO] [1138/1380] Processing config_8_15_3.pkl (i=8, t=15, n=3)
2026-07-03 18:01:07,946 [INFO]   -> NOT converged, iters=10, LB=-1.5887, UB=-1.5821, d_norms=9
2026-07-03 18:01:07,947 [INFO] [1139/1380] Processing config_8_15_4.pkl (i=8, t=15, n=4)
2026-07-03 18:01:08,079 [INFO]   -> NOT converged, iters=10, LB=-1.5640, UB=-1.5602, d_norms=9
2026-07-03 18:01:08,080 [INFO] [1140/1380] Processing config_8_15_5.pkl (i=8, t=15, n=5)
2026-07-03 18:01:08,212 [INFO]   -> NOT converged, iters=11, LB=-1.5361, UB=-1.5313, d_norms=10
2026-07-03 18:01:08,214 [INFO] [1141/1380] Processing config_8_16_0.pkl (i=8, t=16, n=0)
2026-07-03 18:01:08,402 [INFO]   -> NOT converged, iters=17, LB=-1.3807, UB=-1.3744, d_norms=16
2026-07-03 18:01:08,402 [INFO] [1142/1380] Processing config_8_16_1.pkl (i=8, t=16, n=1)
2026-07-03 18:01:08,570 [INFO]   -> NOT converged, iters=15, LB=-1.3665, UB=-1.3623, d_norms=14
2026-07-03 18:01:08,572 [INFO] [1143/1380] Processing config_8_16_2.pkl (i=8, t=16, n=2)
2026-07-03 18:01:08,743 [INFO]   -> NOT converged, iters=15, LB=-1.3725, UB=-1.3678, d_norms=14
2026-07-03 18:01:08,744 [INFO] [1144/1380] Processing config_8_16_3.pkl (i=8, t=16, n=3)
2026-07-03 18:01:08,912 [INFO]   -> NOT converged, iters=14, LB=-1.3902, UB=-1.3878, d_norms=13
2026-07-03 18:01:08,914 [INFO] [1145/1380] Processing config_8_16_4.pkl (i=8, t=16, n=4)
2026-07-03 18:01:09,079 [INFO]   -> NOT converged, iters=15, LB=-1.3664, UB=-1.3621, d_norms=14
2026-07-03 18:01:09,081 [INFO] [1146/1380] Processing config_8_16_5.pkl (i=8, t=16, n=5)
2026-07-03 18:01:09,244 [INFO]   -> NOT converged, iters=14, LB=-1.3898, UB=-1.3867, d_norms=13
2026-07-03 18:01:09,246 [INFO] [1147/1380] Processing config_8_17_0.pkl (i=8, t=17, n=0)
2026-07-03 18:01:09,404 [INFO]   -> NOT converged, iters=12, LB=-1.2103, UB=-1.2095, d_norms=11
2026-07-03 18:01:09,405 [INFO] [1148/1380] Processing config_8_17_1.pkl (i=8, t=17, n=1)
2026-07-03 18:01:09,552 [INFO]   -> NOT converged, iters=12, LB=-1.1926, UB=-1.1916, d_norms=11
2026-07-03 18:01:09,554 [INFO] [1149/1380] Processing config_8_17_2.pkl (i=8, t=17, n=2)
2026-07-03 18:01:09,704 [INFO]   -> NOT converged, iters=12, LB=-1.2076, UB=-1.2068, d_norms=11
2026-07-03 18:01:09,705 [INFO] [1150/1380] Processing config_8_17_3.pkl (i=8, t=17, n=3)
2026-07-03 18:01:09,884 [INFO]   -> NOT converged, iters=16, LB=-1.1645, UB=-1.1604, d_norms=15
2026-07-03 18:01:09,900 [INFO] [1151/1380] Processing config_8_17_4.pkl (i=8, t=17, n=4)
2026-07-03 18:01:10,033 [INFO]   -> NOT converged, iters=11, LB=-1.1715, UB=-1.1685, d_norms=10
2026-07-03 18:01:10,034 [INFO] [1152/1380] Processing config_8_17_5.pkl (i=8, t=17, n=5)
2026-07-03 18:01:10,141 [INFO]   -> NOT converged, iters=6, LB=-1.2018, UB=-1.2018, d_norms=5
2026-07-03 18:01:10,141 [INFO] [1153/1380] Processing config_8_18_0.pkl (i=8, t=18, n=0)
2026-07-03 18:01:10,327 [INFO]   -> NOT converged, iters=17, LB=-1.0388, UB=-1.0356, d_norms=16
2026-07-03 18:01:10,328 [INFO] [1154/1380] Processing config_8_18_1.pkl (i=8, t=18, n=1)
2026-07-03 18:01:10,479 [INFO]   -> NOT converged, iters=11, LB=-1.0427, UB=-1.0413, d_norms=10
2026-07-03 18:01:10,480 [INFO] [1155/1380] Processing config_8_18_2.pkl (i=8, t=18, n=2)
2026-07-03 18:01:10,603 [INFO]   -> NOT converged, iters=10, LB=-1.0582, UB=-1.0541, d_norms=9
2026-07-03 18:01:10,604 [INFO] [1156/1380] Processing config_8_18_3.pkl (i=8, t=18, n=3)
2026-07-03 18:01:10,734 [INFO]   -> NOT converged, iters=11, LB=-1.0497, UB=-1.0459, d_norms=10
2026-07-03 18:01:10,735 [INFO] [1157/1380] Processing config_8_18_4.pkl (i=8, t=18, n=4)
2026-07-03 18:01:10,846 [INFO]   -> NOT converged, iters=7, LB=-1.0220, UB=-1.0219, d_norms=6
2026-07-03 18:01:10,848 [INFO] [1158/1380] Processing config_8_18_5.pkl (i=8, t=18, n=5)
2026-07-03 18:01:11,025 [INFO]   -> NOT converged, iters=16, LB=-1.0350, UB=-1.0347, d_norms=15
2026-07-03 18:01:11,026 [INFO] [1159/1380] Processing config_8_19_0.pkl (i=8, t=19, n=0)
2026-07-03 18:01:11,189 [INFO]   -> NOT converged, iters=13, LB=-0.8624, UB=-0.8599, d_norms=12
2026-07-03 18:01:11,190 [INFO] [1160/1380] Processing config_8_19_1.pkl (i=8, t=19, n=1)
2026-07-03 18:01:11,336 [INFO]   -> NOT converged, iters=13, LB=-0.8563, UB=-0.8522, d_norms=12
2026-07-03 18:01:11,338 [INFO] [1161/1380] Processing config_8_19_2.pkl (i=8, t=19, n=2)
2026-07-03 18:01:11,485 [INFO]   -> NOT converged, iters=14, LB=-0.8464, UB=-0.8456, d_norms=13
2026-07-03 18:01:11,486 [INFO] [1162/1380] Processing config_8_19_3.pkl (i=8, t=19, n=3)
2026-07-03 18:01:11,669 [INFO]   -> NOT converged, iters=18, LB=-0.8358, UB=-0.8356, d_norms=17
2026-07-03 18:01:11,670 [INFO] [1163/1380] Processing config_8_19_4.pkl (i=8, t=19, n=4)
2026-07-03 18:01:11,829 [INFO]   -> NOT converged, iters=15, LB=-0.8524, UB=-0.8510, d_norms=14
2026-07-03 18:01:11,830 [INFO] [1164/1380] Processing config_8_19_5.pkl (i=8, t=19, n=5)
2026-07-03 18:01:11,979 [INFO]   -> NOT converged, iters=14, LB=-0.8434, UB=-0.8427, d_norms=13
2026-07-03 18:01:11,980 [INFO] [1165/1380] Processing config_8_1_0.pkl (i=8, t=1, n=0)
2026-07-03 18:01:12,194 [INFO]   -> NOT converged, iters=20, LB=-4.0678, UB=-4.0594, d_norms=19
2026-07-03 18:01:12,196 [INFO] [1166/1380] Processing config_8_1_1.pkl (i=8, t=1, n=1)
2026-07-03 18:01:12,408 [INFO]   -> NOT converged, iters=21, LB=-4.0667, UB=-4.0550, d_norms=20
2026-07-03 18:01:12,409 [INFO] [1167/1380] Processing config_8_1_2.pkl (i=8, t=1, n=2)
2026-07-03 18:01:12,596 [INFO]   -> NOT converged, iters=18, LB=-4.0340, UB=-4.0197, d_norms=17
2026-07-03 18:01:12,597 [INFO] [1168/1380] Processing config_8_1_3.pkl (i=8, t=1, n=3)
2026-07-03 18:01:12,803 [INFO]   -> NOT converged, iters=20, LB=-3.9921, UB=-3.9795, d_norms=19
2026-07-03 18:01:12,804 [INFO] [1169/1380] Processing config_8_1_4.pkl (i=8, t=1, n=4)
2026-07-03 18:01:12,979 [INFO]   -> NOT converged, iters=15, LB=-4.0192, UB=-3.9996, d_norms=14
2026-07-03 18:01:12,980 [INFO] [1170/1380] Processing config_8_1_5.pkl (i=8, t=1, n=5)
2026-07-03 18:01:13,167 [INFO]   -> NOT converged, iters=17, LB=-4.0279, UB=-4.0154, d_norms=16
2026-07-03 18:01:13,168 [INFO] [1171/1380] Processing config_8_20_0.pkl (i=8, t=20, n=0)
2026-07-03 18:01:13,338 [INFO]   -> NOT converged, iters=16, LB=-0.6753, UB=-0.6749, d_norms=15
2026-07-03 18:01:13,339 [INFO] [1172/1380] Processing config_8_20_1.pkl (i=8, t=20, n=1)
2026-07-03 18:01:13,513 [INFO]   -> NOT converged, iters=15, LB=-0.6687, UB=-0.6675, d_norms=14
2026-07-03 18:01:13,514 [INFO] [1173/1380] Processing config_8_20_2.pkl (i=8, t=20, n=2)
2026-07-03 18:01:13,696 [INFO]   -> NOT converged, iters=17, LB=-0.6975, UB=-0.6964, d_norms=16
2026-07-03 18:01:13,698 [INFO] [1174/1380] Processing config_8_20_3.pkl (i=8, t=20, n=3)
2026-07-03 18:01:13,879 [INFO]   -> NOT converged, iters=16, LB=-0.7016, UB=-0.7013, d_norms=15
2026-07-03 18:01:13,880 [INFO] [1175/1380] Processing config_8_20_4.pkl (i=8, t=20, n=4)
2026-07-03 18:01:14,071 [INFO]   -> NOT converged, iters=20, LB=-0.6373, UB=-0.6351, d_norms=19
2026-07-03 18:01:14,072 [INFO] [1176/1380] Processing config_8_20_5.pkl (i=8, t=20, n=5)
2026-07-03 18:01:14,222 [INFO]   -> NOT converged, iters=13, LB=-0.6733, UB=-0.6712, d_norms=12
2026-07-03 18:01:14,224 [INFO] [1177/1380] Processing config_8_21_0.pkl (i=8, t=21, n=0)
2026-07-03 18:01:14,404 [INFO]   -> NOT converged, iters=18, LB=-0.4865, UB=-0.4852, d_norms=17
2026-07-03 18:01:14,405 [INFO] [1178/1380] Processing config_8_21_1.pkl (i=8, t=21, n=1)
2026-07-03 18:01:14,577 [INFO]   -> NOT converged, iters=16, LB=-0.4591, UB=-0.4579, d_norms=15
2026-07-03 18:01:14,578 [INFO] [1179/1380] Processing config_8_21_2.pkl (i=8, t=21, n=2)
2026-07-03 18:01:14,748 [INFO]   -> NOT converged, iters=16, LB=-0.4756, UB=-0.4733, d_norms=15
2026-07-03 18:01:14,751 [INFO] [1180/1380] Processing config_8_21_3.pkl (i=8, t=21, n=3)
2026-07-03 18:01:14,906 [INFO]   -> NOT converged, iters=15, LB=-0.5425, UB=-0.5416, d_norms=14
2026-07-03 18:01:14,908 [INFO] [1181/1380] Processing config_8_21_4.pkl (i=8, t=21, n=4)
2026-07-03 18:01:15,070 [INFO]   -> NOT converged, iters=14, LB=-0.4560, UB=-0.4542, d_norms=13
2026-07-03 18:01:15,072 [INFO] [1182/1380] Processing config_8_21_5.pkl (i=8, t=21, n=5)
2026-07-03 18:01:15,208 [INFO]   -> NOT converged, iters=11, LB=-0.5102, UB=-0.5082, d_norms=10
2026-07-03 18:01:15,210 [INFO] [1183/1380] Processing config_8_22_0.pkl (i=8, t=22, n=0)
2026-07-03 18:01:15,341 [INFO]   -> NOT converged, iters=11, LB=-0.2341, UB=-0.2333, d_norms=10
2026-07-03 18:01:15,342 [INFO] [1184/1380] Processing config_8_22_1.pkl (i=8, t=22, n=1)
2026-07-03 18:01:15,470 [INFO]   -> NOT converged, iters=11, LB=-0.2794, UB=-0.2784, d_norms=10
2026-07-03 18:01:15,472 [INFO] [1185/1380] Processing config_8_22_2.pkl (i=8, t=22, n=2)
2026-07-03 18:01:15,609 [INFO]   -> NOT converged, iters=12, LB=-0.2611, UB=-0.2600, d_norms=11
2026-07-03 18:01:15,611 [INFO] [1186/1380] Processing config_8_22_3.pkl (i=8, t=22, n=3)
2026-07-03 18:01:15,782 [INFO]   -> NOT converged, iters=15, LB=-0.2188, UB=-0.2181, d_norms=14
2026-07-03 18:01:15,783 [INFO] [1187/1380] Processing config_8_22_4.pkl (i=8, t=22, n=4)
2026-07-03 18:01:15,912 [INFO]   -> NOT converged, iters=10, LB=-0.2345, UB=-0.2337, d_norms=9
2026-07-03 18:01:15,913 [INFO] [1188/1380] Processing config_8_22_5.pkl (i=8, t=22, n=5)
2026-07-03 18:01:16,049 [INFO]   -> NOT converged, iters=11, LB=-0.2867, UB=-0.2855, d_norms=10
2026-07-03 18:01:16,050 [INFO] [1189/1380] Processing config_8_23_0.pkl (i=8, t=23, n=0)
2026-07-03 18:01:16,217 [INFO]   -> converged, iters=26, LB=0.0255, UB=0.0255, d_norms=25
2026-07-03 18:01:16,219 [INFO] [1190/1380] Processing config_8_23_1.pkl (i=8, t=23, n=1)
2026-07-03 18:01:16,383 [INFO]   -> NOT converged, iters=25, LB=-0.0018, UB=-0.0018, d_norms=24
2026-07-03 18:01:16,384 [INFO] [1191/1380] Processing config_8_23_2.pkl (i=8, t=23, n=2)
2026-07-03 18:01:16,508 [INFO]   -> NOT converged, iters=20, LB=-0.0079, UB=-0.0079, d_norms=19
2026-07-03 18:01:16,510 [INFO] [1192/1380] Processing config_8_23_3.pkl (i=8, t=23, n=3)
2026-07-03 18:01:16,585 [INFO]   -> converged, iters=13, LB=5.4166, UB=5.4284, d_norms=12
2026-07-03 18:01:16,586 [INFO] [1193/1380] Processing config_8_23_4.pkl (i=8, t=23, n=4)
2026-07-03 18:01:16,655 [INFO]   -> converged, iters=12, LB=3.7675, UB=3.7831, d_norms=11
2026-07-03 18:01:16,656 [INFO] [1194/1380] Processing config_8_23_5.pkl (i=8, t=23, n=5)
2026-07-03 18:01:16,766 [INFO]   -> NOT converged, iters=17, LB=-0.0386, UB=-0.0385, d_norms=16
2026-07-03 18:01:16,767 [INFO] [1195/1380] Processing config_8_2_0.pkl (i=8, t=2, n=0)
2026-07-03 18:01:16,947 [INFO]   -> NOT converged, iters=18, LB=-3.8105, UB=-3.8004, d_norms=17
2026-07-03 18:01:16,948 [INFO] [1196/1380] Processing config_8_2_1.pkl (i=8, t=2, n=1)
2026-07-03 18:01:17,093 [INFO]   -> NOT converged, iters=14, LB=-3.8238, UB=-3.8100, d_norms=13
2026-07-03 18:01:17,094 [INFO] [1197/1380] Processing config_8_2_2.pkl (i=8, t=2, n=2)
2026-07-03 18:01:17,284 [INFO]   -> NOT converged, iters=18, LB=-3.8025, UB=-3.7917, d_norms=17
2026-07-03 18:01:17,284 [INFO] [1198/1380] Processing config_8_2_3.pkl (i=8, t=2, n=3)
2026-07-03 18:01:17,454 [INFO]   -> NOT converged, iters=17, LB=-3.8259, UB=-3.8112, d_norms=16
2026-07-03 18:01:17,456 [INFO] [1199/1380] Processing config_8_2_4.pkl (i=8, t=2, n=4)
2026-07-03 18:01:17,597 [INFO]   -> NOT converged, iters=14, LB=-3.8216, UB=-3.8098, d_norms=13
2026-07-03 18:01:17,598 [INFO] [1200/1380] Processing config_8_2_5.pkl (i=8, t=2, n=5)
2026-07-03 18:01:17,752 [INFO]   -> NOT converged, iters=15, LB=-3.7769, UB=-3.7636, d_norms=14
2026-07-03 18:01:17,753 [INFO] [1201/1380] Processing config_8_3_0.pkl (i=8, t=3, n=0)
2026-07-03 18:01:17,919 [INFO]   -> NOT converged, iters=16, LB=-3.6478, UB=-3.6414, d_norms=15
2026-07-03 18:01:17,920 [INFO] [1202/1380] Processing config_8_3_1.pkl (i=8, t=3, n=1)
2026-07-03 18:01:18,092 [INFO]   -> NOT converged, iters=16, LB=-3.6227, UB=-3.6158, d_norms=15
2026-07-03 18:01:18,093 [INFO] [1203/1380] Processing config_8_3_2.pkl (i=8, t=3, n=2)
2026-07-03 18:01:18,260 [INFO]   -> NOT converged, iters=16, LB=-3.6145, UB=-3.5989, d_norms=15
2026-07-03 18:01:18,262 [INFO] [1204/1380] Processing config_8_3_3.pkl (i=8, t=3, n=3)
2026-07-03 18:01:18,439 [INFO]   -> NOT converged, iters=17, LB=-3.6605, UB=-3.6483, d_norms=16
2026-07-03 18:01:18,441 [INFO] [1205/1380] Processing config_8_3_4.pkl (i=8, t=3, n=4)
2026-07-03 18:01:18,646 [INFO]   -> NOT converged, iters=20, LB=-3.6028, UB=-3.5926, d_norms=19
2026-07-03 18:01:18,647 [INFO] [1206/1380] Processing config_8_3_5.pkl (i=8, t=3, n=5)
2026-07-03 18:01:18,827 [INFO]   -> NOT converged, iters=17, LB=-3.6033, UB=-3.5915, d_norms=16
2026-07-03 18:01:18,828 [INFO] [1207/1380] Processing config_8_4_0.pkl (i=8, t=4, n=0)
2026-07-03 18:01:18,991 [INFO]   -> NOT converged, iters=15, LB=-3.4054, UB=-3.3886, d_norms=14
2026-07-03 18:01:18,991 [INFO] [1208/1380] Processing config_8_4_1.pkl (i=8, t=4, n=1)
2026-07-03 18:01:19,147 [INFO]   -> NOT converged, iters=14, LB=-3.4329, UB=-3.4257, d_norms=13
2026-07-03 18:01:19,148 [INFO] [1209/1380] Processing config_8_4_2.pkl (i=8, t=4, n=2)
2026-07-03 18:01:19,308 [INFO]   -> NOT converged, iters=15, LB=-3.4436, UB=-3.4299, d_norms=14
2026-07-03 18:01:19,310 [INFO] [1210/1380] Processing config_8_4_3.pkl (i=8, t=4, n=3)
2026-07-03 18:01:19,489 [INFO]   -> NOT converged, iters=17, LB=-3.4416, UB=-3.4299, d_norms=16
2026-07-03 18:01:19,491 [INFO] [1211/1380] Processing config_8_4_4.pkl (i=8, t=4, n=4)
2026-07-03 18:01:19,664 [INFO]   -> NOT converged, iters=18, LB=-3.4139, UB=-3.4029, d_norms=17
2026-07-03 18:01:19,665 [INFO] [1212/1380] Processing config_8_4_5.pkl (i=8, t=4, n=5)
2026-07-03 18:01:19,843 [INFO]   -> NOT converged, iters=17, LB=-3.4325, UB=-3.4194, d_norms=16
2026-07-03 18:01:19,845 [INFO] [1213/1380] Processing config_8_5_0.pkl (i=8, t=5, n=0)
2026-07-03 18:01:20,042 [INFO]   -> NOT converged, iters=17, LB=-3.2579, UB=-3.2575, d_norms=16
2026-07-03 18:01:20,044 [INFO] [1214/1380] Processing config_8_5_1.pkl (i=8, t=5, n=1)
2026-07-03 18:01:20,215 [INFO]   -> NOT converged, iters=14, LB=-3.2475, UB=-3.2469, d_norms=13
2026-07-03 18:01:20,216 [INFO] [1215/1380] Processing config_8_5_2.pkl (i=8, t=5, n=2)
2026-07-03 18:01:20,340 [INFO]   -> NOT converged, iters=11, LB=-3.2966, UB=-3.2876, d_norms=10
2026-07-03 18:01:20,340 [INFO] [1216/1380] Processing config_8_5_3.pkl (i=8, t=5, n=3)
2026-07-03 18:01:20,519 [INFO]   -> NOT converged, iters=15, LB=-3.2584, UB=-3.2578, d_norms=14
2026-07-03 18:01:20,520 [INFO] [1217/1380] Processing config_8_5_4.pkl (i=8, t=5, n=4)
2026-07-03 18:01:20,635 [INFO]   -> NOT converged, iters=8, LB=-3.2383, UB=-3.2383, d_norms=7
2026-07-03 18:01:20,635 [INFO] [1218/1380] Processing config_8_5_5.pkl (i=8, t=5, n=5)
2026-07-03 18:01:20,797 [INFO]   -> NOT converged, iters=13, LB=-3.2624, UB=-3.2520, d_norms=12
2026-07-03 18:01:20,798 [INFO] [1219/1380] Processing config_8_6_0.pkl (i=8, t=6, n=0)
2026-07-03 18:01:20,923 [INFO]   -> NOT converged, iters=9, LB=-3.1075, UB=-3.0945, d_norms=8
2026-07-03 18:01:20,925 [INFO] [1220/1380] Processing config_8_6_1.pkl (i=8, t=6, n=1)
2026-07-03 18:01:21,101 [INFO]   -> NOT converged, iters=17, LB=-3.1086, UB=-3.1013, d_norms=16
2026-07-03 18:01:21,102 [INFO] [1221/1380] Processing config_8_6_2.pkl (i=8, t=6, n=2)
2026-07-03 18:01:21,257 [INFO]   -> NOT converged, iters=15, LB=-3.0838, UB=-3.0705, d_norms=14
2026-07-03 18:01:21,259 [INFO] [1222/1380] Processing config_8_6_3.pkl (i=8, t=6, n=3)
2026-07-03 18:01:21,423 [INFO]   -> NOT converged, iters=17, LB=-3.1119, UB=-3.1063, d_norms=16
2026-07-03 18:01:21,424 [INFO] [1223/1380] Processing config_8_6_4.pkl (i=8, t=6, n=4)
2026-07-03 18:01:21,585 [INFO]   -> NOT converged, iters=15, LB=-3.0831, UB=-3.0683, d_norms=14
2026-07-03 18:01:21,587 [INFO] [1224/1380] Processing config_8_6_5.pkl (i=8, t=6, n=5)
2026-07-03 18:01:21,742 [INFO]   -> NOT converged, iters=11, LB=-3.1080, UB=-3.0937, d_norms=10
2026-07-03 18:01:21,743 [INFO] [1225/1380] Processing config_8_7_0.pkl (i=8, t=7, n=0)
2026-07-03 18:01:21,935 [INFO]   -> NOT converged, iters=15, LB=-2.9384, UB=-2.9336, d_norms=14
2026-07-03 18:01:21,935 [INFO] [1226/1380] Processing config_8_7_1.pkl (i=8, t=7, n=1)
2026-07-03 18:01:22,105 [INFO]   -> NOT converged, iters=15, LB=-2.9145, UB=-2.9144, d_norms=14
2026-07-03 18:01:22,107 [INFO] [1227/1380] Processing config_8_7_2.pkl (i=8, t=7, n=2)
2026-07-03 18:01:22,255 [INFO]   -> NOT converged, iters=14, LB=-2.9485, UB=-2.9438, d_norms=13
2026-07-03 18:01:22,257 [INFO] [1228/1380] Processing config_8_7_3.pkl (i=8, t=7, n=3)
2026-07-03 18:01:22,430 [INFO]   -> NOT converged, iters=16, LB=-2.9416, UB=-2.9358, d_norms=15
2026-07-03 18:01:22,431 [INFO] [1229/1380] Processing config_8_7_4.pkl (i=8, t=7, n=4)
2026-07-03 18:01:22,544 [INFO]   -> NOT converged, iters=7, LB=-2.9195, UB=-2.9195, d_norms=6
2026-07-03 18:01:22,545 [INFO] [1230/1380] Processing config_8_7_5.pkl (i=8, t=7, n=5)
2026-07-03 18:01:22,719 [INFO]   -> NOT converged, iters=14, LB=-2.9382, UB=-2.9308, d_norms=13
2026-07-03 18:01:22,721 [INFO] [1231/1380] Processing config_8_8_0.pkl (i=8, t=8, n=0)
2026-07-03 18:01:22,896 [INFO]   -> NOT converged, iters=16, LB=-2.7421, UB=-2.7388, d_norms=15
2026-07-03 18:01:22,897 [INFO] [1232/1380] Processing config_8_8_1.pkl (i=8, t=8, n=1)
2026-07-03 18:01:23,014 [INFO]   -> NOT converged, iters=7, LB=-2.7626, UB=-2.7626, d_norms=6
2026-07-03 18:01:23,014 [INFO] [1233/1380] Processing config_8_8_2.pkl (i=8, t=8, n=2)
2026-07-03 18:01:23,177 [INFO]   -> NOT converged, iters=14, LB=-2.7543, UB=-2.7482, d_norms=13
2026-07-03 18:01:23,178 [INFO] [1234/1380] Processing config_8_8_3.pkl (i=8, t=8, n=3)
2026-07-03 18:01:23,333 [INFO]   -> NOT converged, iters=15, LB=-2.7679, UB=-2.7556, d_norms=14
2026-07-03 18:01:23,335 [INFO] [1235/1380] Processing config_8_8_4.pkl (i=8, t=8, n=4)
2026-07-03 18:01:23,477 [INFO]   -> NOT converged, iters=12, LB=-2.7933, UB=-2.7885, d_norms=11
2026-07-03 18:01:23,479 [INFO] [1236/1380] Processing config_8_8_5.pkl (i=8, t=8, n=5)
2026-07-03 18:01:23,650 [INFO]   -> NOT converged, iters=15, LB=-2.7861, UB=-2.7805, d_norms=14
2026-07-03 18:01:23,652 [INFO] [1237/1380] Processing config_8_9_0.pkl (i=8, t=9, n=0)
2026-07-03 18:01:23,774 [INFO]   -> NOT converged, iters=10, LB=-2.6285, UB=-2.6251, d_norms=9
2026-07-03 18:01:23,775 [INFO] [1238/1380] Processing config_8_9_1.pkl (i=8, t=9, n=1)
2026-07-03 18:01:23,920 [INFO]   -> NOT converged, iters=13, LB=-2.6082, UB=-2.6005, d_norms=12
2026-07-03 18:01:23,922 [INFO] [1239/1380] Processing config_8_9_2.pkl (i=8, t=9, n=2)
2026-07-03 18:01:24,096 [INFO]   -> NOT converged, iters=14, LB=-2.5957, UB=-2.5942, d_norms=13
2026-07-03 18:01:24,097 [INFO] [1240/1380] Processing config_8_9_3.pkl (i=8, t=9, n=3)
2026-07-03 18:01:24,221 [INFO]   -> NOT converged, iters=11, LB=-2.6207, UB=-2.6201, d_norms=10
2026-07-03 18:01:24,222 [INFO] [1241/1380] Processing config_8_9_4.pkl (i=8, t=9, n=4)
2026-07-03 18:01:24,389 [INFO]   -> NOT converged, iters=15, LB=-2.6088, UB=-2.6067, d_norms=14
2026-07-03 18:01:24,390 [INFO] [1242/1380] Processing config_8_9_5.pkl (i=8, t=9, n=5)
2026-07-03 18:01:24,556 [INFO]   -> NOT converged, iters=15, LB=-2.5636, UB=-2.5619, d_norms=14
2026-07-03 18:01:24,558 [INFO] [1243/1380] Processing config_9_10_0.pkl (i=9, t=10, n=0)
2026-07-03 18:01:24,716 [INFO]   -> NOT converged, iters=13, LB=-2.4385, UB=-2.4268, d_norms=12
2026-07-03 18:01:24,717 [INFO] [1244/1380] Processing config_9_10_1.pkl (i=9, t=10, n=1)
2026-07-03 18:01:24,877 [INFO]   -> NOT converged, iters=14, LB=-2.4496, UB=-2.4462, d_norms=13
2026-07-03 18:01:24,878 [INFO] [1245/1380] Processing config_9_10_2.pkl (i=9, t=10, n=2)
2026-07-03 18:01:25,009 [INFO]   -> NOT converged, iters=11, LB=-2.4216, UB=-2.4133, d_norms=10
2026-07-03 18:01:25,010 [INFO] [1246/1380] Processing config_9_10_3.pkl (i=9, t=10, n=3)
2026-07-03 18:01:25,166 [INFO]   -> NOT converged, iters=14, LB=-2.4434, UB=-2.4408, d_norms=13
2026-07-03 18:01:25,167 [INFO] [1247/1380] Processing config_9_10_4.pkl (i=9, t=10, n=4)
2026-07-03 18:01:25,321 [INFO]   -> NOT converged, iters=14, LB=-2.4493, UB=-2.4459, d_norms=13
2026-07-03 18:01:25,322 [INFO] [1248/1380] Processing config_9_10_5.pkl (i=9, t=10, n=5)
2026-07-03 18:01:25,500 [INFO]   -> NOT converged, iters=16, LB=-2.4404, UB=-2.4316, d_norms=15
2026-07-03 18:01:25,502 [INFO] [1249/1380] Processing config_9_11_0.pkl (i=9, t=11, n=0)
2026-07-03 18:01:25,666 [INFO]   -> NOT converged, iters=15, LB=-2.2589, UB=-2.2529, d_norms=14
2026-07-03 18:01:25,669 [INFO] [1250/1380] Processing config_9_11_1.pkl (i=9, t=11, n=1)
2026-07-03 18:01:25,830 [INFO]   -> NOT converged, iters=14, LB=-2.2854, UB=-2.2781, d_norms=13
2026-07-03 18:01:25,831 [INFO] [1251/1380] Processing config_9_11_2.pkl (i=9, t=11, n=2)
2026-07-03 18:01:25,980 [INFO]   -> NOT converged, iters=13, LB=-2.3048, UB=-2.2975, d_norms=12
2026-07-03 18:01:25,981 [INFO] [1252/1380] Processing config_9_11_3.pkl (i=9, t=11, n=3)
2026-07-03 18:01:26,131 [INFO]   -> NOT converged, iters=13, LB=-2.3187, UB=-2.3084, d_norms=12
2026-07-03 18:01:26,132 [INFO] [1253/1380] Processing config_9_11_4.pkl (i=9, t=11, n=4)
2026-07-03 18:01:26,290 [INFO]   -> NOT converged, iters=14, LB=-2.2683, UB=-2.2629, d_norms=13
2026-07-03 18:01:26,292 [INFO] [1254/1380] Processing config_9_11_5.pkl (i=9, t=11, n=5)
2026-07-03 18:01:26,496 [INFO]   -> NOT converged, iters=18, LB=-2.2845, UB=-2.2776, d_norms=17
2026-07-03 18:01:26,497 [INFO] [1255/1380] Processing config_9_12_0.pkl (i=9, t=12, n=0)
2026-07-03 18:01:26,671 [INFO]   -> NOT converged, iters=16, LB=-2.1288, UB=-2.1214, d_norms=15
2026-07-03 18:01:26,673 [INFO] [1256/1380] Processing config_9_12_1.pkl (i=9, t=12, n=1)
2026-07-03 18:01:26,825 [INFO]   -> NOT converged, iters=16, LB=-2.1429, UB=-2.1345, d_norms=15
2026-07-03 18:01:26,827 [INFO] [1257/1380] Processing config_9_12_2.pkl (i=9, t=12, n=2)
2026-07-03 18:01:26,979 [INFO]   -> NOT converged, iters=13, LB=-2.1055, UB=-2.1047, d_norms=12
2026-07-03 18:01:26,981 [INFO] [1258/1380] Processing config_9_12_3.pkl (i=9, t=12, n=3)
2026-07-03 18:01:27,137 [INFO]   -> NOT converged, iters=13, LB=-2.1135, UB=-2.1058, d_norms=12
2026-07-03 18:01:27,139 [INFO] [1259/1380] Processing config_9_12_4.pkl (i=9, t=12, n=4)
2026-07-03 18:01:27,284 [INFO]   -> NOT converged, iters=14, LB=-2.1656, UB=-2.1582, d_norms=13
2026-07-03 18:01:27,286 [INFO] [1260/1380] Processing config_9_12_5.pkl (i=9, t=12, n=5)
2026-07-03 18:01:27,433 [INFO]   -> NOT converged, iters=13, LB=-2.0818, UB=-2.0741, d_norms=12
2026-07-03 18:01:27,435 [INFO] [1261/1380] Processing config_9_13_0.pkl (i=9, t=13, n=0)
2026-07-03 18:01:27,608 [INFO]   -> NOT converged, iters=13, LB=-1.9328, UB=-1.9327, d_norms=12
2026-07-03 18:01:27,610 [INFO] [1262/1380] Processing config_9_13_1.pkl (i=9, t=13, n=1)
2026-07-03 18:01:27,756 [INFO]   -> NOT converged, iters=14, LB=-1.9173, UB=-1.9105, d_norms=13
2026-07-03 18:01:27,757 [INFO] [1263/1380] Processing config_9_13_2.pkl (i=9, t=13, n=2)
2026-07-03 18:01:27,905 [INFO]   -> NOT converged, iters=14, LB=-1.9121, UB=-1.9055, d_norms=13
2026-07-03 18:01:27,906 [INFO] [1264/1380] Processing config_9_13_3.pkl (i=9, t=13, n=3)
2026-07-03 18:01:28,070 [INFO]   -> NOT converged, iters=16, LB=-1.9784, UB=-1.9697, d_norms=15
2026-07-03 18:01:28,072 [INFO] [1265/1380] Processing config_9_13_4.pkl (i=9, t=13, n=4)
2026-07-03 18:01:28,227 [INFO]   -> NOT converged, iters=13, LB=-1.9470, UB=-1.9440, d_norms=12
2026-07-03 18:01:28,228 [INFO] [1266/1380] Processing config_9_13_5.pkl (i=9, t=13, n=5)
2026-07-03 18:01:28,407 [INFO]   -> NOT converged, iters=16, LB=-1.9374, UB=-1.9304, d_norms=15
2026-07-03 18:01:28,408 [INFO] [1267/1380] Processing config_9_14_0.pkl (i=9, t=14, n=0)
2026-07-03 18:01:28,545 [INFO]   -> NOT converged, iters=12, LB=-1.7668, UB=-1.7620, d_norms=11
2026-07-03 18:01:28,546 [INFO] [1268/1380] Processing config_9_14_1.pkl (i=9, t=14, n=1)
2026-07-03 18:01:28,687 [INFO]   -> NOT converged, iters=11, LB=-1.7368, UB=-1.7296, d_norms=10
2026-07-03 18:01:28,689 [INFO] [1269/1380] Processing config_9_14_2.pkl (i=9, t=14, n=2)
2026-07-03 18:01:28,859 [INFO]   -> NOT converged, iters=14, LB=-1.7541, UB=-1.7524, d_norms=13
2026-07-03 18:01:28,860 [INFO] [1270/1380] Processing config_9_14_3.pkl (i=9, t=14, n=3)
2026-07-03 18:01:29,000 [INFO]   -> NOT converged, iters=11, LB=-1.7415, UB=-1.7386, d_norms=10
2026-07-03 18:01:29,002 [INFO] [1271/1380] Processing config_9_14_4.pkl (i=9, t=14, n=4)
2026-07-03 18:01:29,136 [INFO]   -> NOT converged, iters=12, LB=-1.7503, UB=-1.7501, d_norms=11
2026-07-03 18:01:29,149 [INFO] [1272/1380] Processing config_9_14_5.pkl (i=9, t=14, n=5)
2026-07-03 18:01:29,286 [INFO]   -> NOT converged, iters=11, LB=-1.7354, UB=-1.7286, d_norms=10
2026-07-03 18:01:29,288 [INFO] [1273/1380] Processing config_9_15_0.pkl (i=9, t=15, n=0)
2026-07-03 18:01:29,432 [INFO]   -> NOT converged, iters=13, LB=-1.5470, UB=-1.5423, d_norms=12
2026-07-03 18:01:29,433 [INFO] [1274/1380] Processing config_9_15_1.pkl (i=9, t=15, n=1)
2026-07-03 18:01:29,577 [INFO]   -> NOT converged, iters=13, LB=-1.5397, UB=-1.5361, d_norms=12
2026-07-03 18:01:29,579 [INFO] [1275/1380] Processing config_9_15_2.pkl (i=9, t=15, n=2)
2026-07-03 18:01:29,738 [INFO]   -> NOT converged, iters=15, LB=-1.5732, UB=-1.5688, d_norms=14
2026-07-03 18:01:29,739 [INFO] [1276/1380] Processing config_9_15_3.pkl (i=9, t=15, n=3)
2026-07-03 18:01:29,905 [INFO]   -> NOT converged, iters=14, LB=-1.6005, UB=-1.5971, d_norms=13
2026-07-03 18:01:29,907 [INFO] [1277/1380] Processing config_9_15_4.pkl (i=9, t=15, n=4)
2026-07-03 18:01:30,029 [INFO]   -> NOT converged, iters=10, LB=-1.5789, UB=-1.5720, d_norms=9
2026-07-03 18:01:30,032 [INFO] [1278/1380] Processing config_9_15_5.pkl (i=9, t=15, n=5)
2026-07-03 18:01:30,168 [INFO]   -> NOT converged, iters=12, LB=-1.5496, UB=-1.5448, d_norms=11
2026-07-03 18:01:30,170 [INFO] [1279/1380] Processing config_9_16_0.pkl (i=9, t=16, n=0)
2026-07-03 18:01:30,334 [INFO]   -> NOT converged, iters=15, LB=-1.3846, UB=-1.3824, d_norms=14
2026-07-03 18:01:30,336 [INFO] [1280/1380] Processing config_9_16_1.pkl (i=9, t=16, n=1)
2026-07-03 18:01:30,487 [INFO]   -> NOT converged, iters=14, LB=-1.3720, UB=-1.3680, d_norms=13
2026-07-03 18:01:30,488 [INFO] [1281/1380] Processing config_9_16_2.pkl (i=9, t=16, n=2)
2026-07-03 18:01:30,633 [INFO]   -> NOT converged, iters=13, LB=-1.3768, UB=-1.3736, d_norms=12
2026-07-03 18:01:30,635 [INFO] [1282/1380] Processing config_9_16_3.pkl (i=9, t=16, n=3)
2026-07-03 18:01:30,785 [INFO]   -> NOT converged, iters=12, LB=-1.3981, UB=-1.3978, d_norms=11
2026-07-03 18:01:30,787 [INFO] [1283/1380] Processing config_9_16_4.pkl (i=9, t=16, n=4)
2026-07-03 18:01:30,918 [INFO]   -> NOT converged, iters=11, LB=-1.3744, UB=-1.3678, d_norms=10
2026-07-03 18:01:30,920 [INFO] [1284/1380] Processing config_9_16_5.pkl (i=9, t=16, n=5)
2026-07-03 18:01:31,073 [INFO]   -> NOT converged, iters=13, LB=-1.3976, UB=-1.3973, d_norms=12
2026-07-03 18:01:31,074 [INFO] [1285/1380] Processing config_9_17_0.pkl (i=9, t=17, n=0)
2026-07-03 18:01:31,222 [INFO]   -> NOT converged, iters=12, LB=-1.2192, UB=-1.2161, d_norms=11
2026-07-03 18:01:31,222 [INFO] [1286/1380] Processing config_9_17_1.pkl (i=9, t=17, n=1)
2026-07-03 18:01:31,366 [INFO]   -> NOT converged, iters=14, LB=-1.2009, UB=-1.1979, d_norms=13
2026-07-03 18:01:31,368 [INFO] [1287/1380] Processing config_9_17_2.pkl (i=9, t=17, n=2)
2026-07-03 18:01:31,520 [INFO]   -> NOT converged, iters=13, LB=-1.2162, UB=-1.2132, d_norms=12
2026-07-03 18:01:31,521 [INFO] [1288/1380] Processing config_9_17_3.pkl (i=9, t=17, n=3)
2026-07-03 18:01:31,682 [INFO]   -> NOT converged, iters=15, LB=-1.1889, UB=-1.1874, d_norms=14
2026-07-03 18:01:31,683 [INFO] [1289/1380] Processing config_9_17_4.pkl (i=9, t=17, n=4)
2026-07-03 18:01:31,807 [INFO]   -> NOT converged, iters=9, LB=-1.1802, UB=-1.1756, d_norms=8
2026-07-03 18:01:31,808 [INFO] [1290/1380] Processing config_9_17_5.pkl (i=9, t=17, n=5)
2026-07-03 18:01:31,952 [INFO]   -> NOT converged, iters=12, LB=-1.2117, UB=-1.2073, d_norms=11
2026-07-03 18:01:31,953 [INFO] [1291/1380] Processing config_9_18_0.pkl (i=9, t=18, n=0)
2026-07-03 18:01:32,117 [INFO]   -> NOT converged, iters=14, LB=-1.0459, UB=-1.0418, d_norms=13
2026-07-03 18:01:32,119 [INFO] [1292/1380] Processing config_9_18_1.pkl (i=9, t=18, n=1)
2026-07-03 18:01:32,272 [INFO]   -> NOT converged, iters=12, LB=-1.0525, UB=-1.0486, d_norms=11
2026-07-03 18:01:32,273 [INFO] [1293/1380] Processing config_9_18_2.pkl (i=9, t=18, n=2)
2026-07-03 18:01:32,416 [INFO]   -> NOT converged, iters=13, LB=-1.0683, UB=-1.0635, d_norms=12
2026-07-03 18:01:32,417 [INFO] [1294/1380] Processing config_9_18_3.pkl (i=9, t=18, n=3)
2026-07-03 18:01:32,557 [INFO]   -> NOT converged, iters=14, LB=-1.0581, UB=-1.0544, d_norms=13
2026-07-03 18:01:32,559 [INFO] [1295/1380] Processing config_9_18_4.pkl (i=9, t=18, n=4)
2026-07-03 18:01:32,699 [INFO]   -> NOT converged, iters=12, LB=-1.0296, UB=-1.0276, d_norms=11
2026-07-03 18:01:32,701 [INFO] [1296/1380] Processing config_9_18_5.pkl (i=9, t=18, n=5)
2026-07-03 18:01:32,846 [INFO]   -> NOT converged, iters=10, LB=-1.0446, UB=-1.0410, d_norms=9
2026-07-03 18:01:32,847 [INFO] [1297/1380] Processing config_9_19_0.pkl (i=9, t=19, n=0)
2026-07-03 18:01:32,988 [INFO]   -> NOT converged, iters=12, LB=-0.8788, UB=-0.8781, d_norms=11
2026-07-03 18:01:32,990 [INFO] [1298/1380] Processing config_9_19_1.pkl (i=9, t=19, n=1)
2026-07-03 18:01:33,119 [INFO]   -> NOT converged, iters=11, LB=-0.8721, UB=-0.8717, d_norms=10
2026-07-03 18:01:33,120 [INFO] [1299/1380] Processing config_9_19_2.pkl (i=9, t=19, n=2)
2026-07-03 18:01:33,285 [INFO]   -> NOT converged, iters=13, LB=-0.8612, UB=-0.8610, d_norms=12
2026-07-03 18:01:33,287 [INFO] [1300/1380] Processing config_9_19_3.pkl (i=9, t=19, n=3)
2026-07-03 18:01:33,432 [INFO]   -> NOT converged, iters=13, LB=-0.8508, UB=-0.8506, d_norms=12
2026-07-03 18:01:33,434 [INFO] [1301/1380] Processing config_9_19_4.pkl (i=9, t=19, n=4)
2026-07-03 18:01:33,577 [INFO]   -> NOT converged, iters=13, LB=-0.8679, UB=-0.8679, d_norms=12
2026-07-03 18:01:33,579 [INFO] [1302/1380] Processing config_9_19_5.pkl (i=9, t=19, n=5)
2026-07-03 18:01:33,717 [INFO]   -> NOT converged, iters=12, LB=-0.8596, UB=-0.8581, d_norms=11
2026-07-03 18:01:33,719 [INFO] [1303/1380] Processing config_9_1_0.pkl (i=9, t=1, n=0)
2026-07-03 18:01:33,923 [INFO]   -> NOT converged, iters=20, LB=-4.0843, UB=-4.0758, d_norms=19
2026-07-03 18:01:33,925 [INFO] [1304/1380] Processing config_9_1_1.pkl (i=9, t=1, n=1)
2026-07-03 18:01:34,154 [INFO]   -> NOT converged, iters=21, LB=-4.0852, UB=-4.0692, d_norms=20
2026-07-03 18:01:34,155 [INFO] [1305/1380] Processing config_9_1_2.pkl (i=9, t=1, n=2)
2026-07-03 18:01:34,347 [INFO]   -> NOT converged, iters=18, LB=-4.0505, UB=-4.0361, d_norms=17
2026-07-03 18:01:34,348 [INFO] [1306/1380] Processing config_9_1_3.pkl (i=9, t=1, n=3)
2026-07-03 18:01:34,554 [INFO]   -> NOT converged, iters=22, LB=-4.0056, UB=-3.9954, d_norms=21
2026-07-03 18:01:34,555 [INFO] [1307/1380] Processing config_9_1_4.pkl (i=9, t=1, n=4)
2026-07-03 18:01:34,758 [INFO]   -> NOT converged, iters=19, LB=-4.0283, UB=-4.0167, d_norms=18
2026-07-03 18:01:34,759 [INFO] [1308/1380] Processing config_9_1_5.pkl (i=9, t=1, n=5)
2026-07-03 18:01:34,944 [INFO]   -> NOT converged, iters=17, LB=-4.0436, UB=-4.0318, d_norms=16
2026-07-03 18:01:34,946 [INFO] [1309/1380] Processing config_9_20_0.pkl (i=9, t=20, n=0)
2026-07-03 18:01:35,086 [INFO]   -> NOT converged, iters=11, LB=-0.6861, UB=-0.6856, d_norms=10
2026-07-03 18:01:35,087 [INFO] [1310/1380] Processing config_9_20_1.pkl (i=9, t=20, n=1)
2026-07-03 18:01:35,247 [INFO]   -> NOT converged, iters=13, LB=-0.6805, UB=-0.6792, d_norms=12
2026-07-03 18:01:35,249 [INFO] [1311/1380] Processing config_9_20_2.pkl (i=9, t=20, n=2)
2026-07-03 18:01:35,389 [INFO]   -> NOT converged, iters=11, LB=-0.7076, UB=-0.7061, d_norms=10
2026-07-03 18:01:35,391 [INFO] [1312/1380] Processing config_9_20_3.pkl (i=9, t=20, n=3)
2026-07-03 18:01:35,551 [INFO]   -> NOT converged, iters=13, LB=-0.7129, UB=-0.7113, d_norms=12
2026-07-03 18:01:35,552 [INFO] [1313/1380] Processing config_9_20_4.pkl (i=9, t=20, n=4)
2026-07-03 18:01:35,727 [INFO]   -> NOT converged, iters=17, LB=-0.6356, UB=-0.6342, d_norms=16
2026-07-03 18:01:35,728 [INFO] [1314/1380] Processing config_9_20_5.pkl (i=9, t=20, n=5)
2026-07-03 18:01:35,883 [INFO]   -> NOT converged, iters=13, LB=-0.6843, UB=-0.6829, d_norms=12
2026-07-03 18:01:35,884 [INFO] [1315/1380] Processing config_9_21_0.pkl (i=9, t=21, n=0)
2026-07-03 18:01:36,052 [INFO]   -> NOT converged, iters=15, LB=-0.4985, UB=-0.4974, d_norms=14
2026-07-03 18:01:36,053 [INFO] [1316/1380] Processing config_9_21_1.pkl (i=9, t=21, n=1)
2026-07-03 18:01:36,207 [INFO]   -> NOT converged, iters=13, LB=-0.4701, UB=-0.4690, d_norms=12
2026-07-03 18:01:36,208 [INFO] [1317/1380] Processing config_9_21_2.pkl (i=9, t=21, n=2)
2026-07-03 18:01:36,388 [INFO]   -> NOT converged, iters=15, LB=-0.4866, UB=-0.4863, d_norms=14
2026-07-03 18:01:36,390 [INFO] [1318/1380] Processing config_9_21_3.pkl (i=9, t=21, n=3)
2026-07-03 18:01:36,543 [INFO]   -> NOT converged, iters=14, LB=-0.5605, UB=-0.5584, d_norms=13
2026-07-03 18:01:36,545 [INFO] [1319/1380] Processing config_9_21_4.pkl (i=9, t=21, n=4)
2026-07-03 18:01:36,698 [INFO]   -> NOT converged, iters=14, LB=-0.4675, UB=-0.4667, d_norms=13
2026-07-03 18:01:36,699 [INFO] [1320/1380] Processing config_9_21_5.pkl (i=9, t=21, n=5)
2026-07-03 18:01:36,835 [INFO]   -> NOT converged, iters=11, LB=-0.5248, UB=-0.5238, d_norms=10
2026-07-03 18:01:36,836 [INFO] [1321/1380] Processing config_9_22_0.pkl (i=9, t=22, n=0)
2026-07-03 18:01:37,016 [INFO]   -> NOT converged, iters=17, LB=-0.2341, UB=-0.2334, d_norms=16
2026-07-03 18:01:37,017 [INFO] [1322/1380] Processing config_9_22_1.pkl (i=9, t=22, n=1)
2026-07-03 18:01:37,201 [INFO]   -> NOT converged, iters=17, LB=-0.2792, UB=-0.2784, d_norms=16
2026-07-03 18:01:37,202 [INFO] [1323/1380] Processing config_9_22_2.pkl (i=9, t=22, n=2)
2026-07-03 18:01:37,370 [INFO]   -> NOT converged, iters=14, LB=-0.2609, UB=-0.2600, d_norms=13
2026-07-03 18:01:37,371 [INFO] [1324/1380] Processing config_9_22_3.pkl (i=9, t=22, n=3)
2026-07-03 18:01:37,576 [INFO]   -> NOT converged, iters=17, LB=-0.1132, UB=-0.1130, d_norms=16
2026-07-03 18:01:37,577 [INFO] [1325/1380] Processing config_9_22_4.pkl (i=9, t=22, n=4)
2026-07-03 18:01:37,753 [INFO]   -> NOT converged, iters=17, LB=-0.2343, UB=-0.2339, d_norms=16
2026-07-03 18:01:37,754 [INFO] [1326/1380] Processing config_9_22_5.pkl (i=9, t=22, n=5)
2026-07-03 18:01:37,936 [INFO]   -> NOT converged, iters=17, LB=-0.2870, UB=-0.2866, d_norms=16
2026-07-03 18:01:37,938 [INFO] [1327/1380] Processing config_9_23_0.pkl (i=9, t=23, n=0)
2026-07-03 18:01:38,093 [INFO]   -> NOT converged, iters=25, LB=-0.0013, UB=-0.0013, d_norms=24
2026-07-03 18:01:38,094 [INFO] [1328/1380] Processing config_9_23_1.pkl (i=9, t=23, n=1)
2026-07-03 18:01:38,234 [INFO]   -> NOT converged, iters=22, LB=-0.0057, UB=-0.0057, d_norms=21
2026-07-03 18:01:38,235 [INFO] [1329/1380] Processing config_9_23_2.pkl (i=9, t=23, n=2)
2026-07-03 18:01:38,352 [INFO]   -> NOT converged, iters=20, LB=-0.0118, UB=-0.0118, d_norms=19
2026-07-03 18:01:38,353 [INFO] [1330/1380] Processing config_9_23_3.pkl (i=9, t=23, n=3)
2026-07-03 18:01:38,420 [INFO]   -> converged, iters=13, LB=5.4123, UB=5.4304, d_norms=12
2026-07-03 18:01:38,423 [INFO] [1331/1380] Processing config_9_23_4.pkl (i=9, t=23, n=4)
2026-07-03 18:01:38,515 [INFO]   -> converged, iters=16, LB=3.7749, UB=3.7851, d_norms=15
2026-07-03 18:01:38,516 [INFO] [1332/1380] Processing config_9_23_5.pkl (i=9, t=23, n=5)
2026-07-03 18:01:38,647 [INFO]   -> NOT converged, iters=21, LB=-0.0422, UB=-0.0420, d_norms=20
2026-07-03 18:01:38,648 [INFO] [1333/1380] Processing config_9_2_0.pkl (i=9, t=2, n=0)
2026-07-03 18:01:38,797 [INFO]   -> NOT converged, iters=13, LB=-3.8331, UB=-3.8182, d_norms=12
2026-07-03 18:01:38,798 [INFO] [1334/1380] Processing config_9_2_1.pkl (i=9, t=2, n=1)
2026-07-03 18:01:38,962 [INFO]   -> NOT converged, iters=16, LB=-3.8370, UB=-3.8267, d_norms=15
2026-07-03 18:01:38,963 [INFO] [1335/1380] Processing config_9_2_2.pkl (i=9, t=2, n=2)
2026-07-03 18:01:39,123 [INFO]   -> NOT converged, iters=14, LB=-3.8187, UB=-3.8075, d_norms=13
2026-07-03 18:01:39,125 [INFO] [1336/1380] Processing config_9_2_3.pkl (i=9, t=2, n=3)
2026-07-03 18:01:39,272 [INFO]   -> NOT converged, iters=13, LB=-3.8403, UB=-3.8262, d_norms=12
2026-07-03 18:01:39,273 [INFO] [1337/1380] Processing config_9_2_4.pkl (i=9, t=2, n=4)
2026-07-03 18:01:39,418 [INFO]   -> NOT converged, iters=14, LB=-3.8392, UB=-3.8292, d_norms=13
2026-07-03 18:01:39,419 [INFO] [1338/1380] Processing config_9_2_5.pkl (i=9, t=2, n=5)
2026-07-03 18:01:39,602 [INFO]   -> NOT converged, iters=18, LB=-3.7821, UB=-3.7755, d_norms=17
2026-07-03 18:01:39,605 [INFO] [1339/1380] Processing config_9_3_0.pkl (i=9, t=3, n=0)
2026-07-03 18:01:39,780 [INFO]   -> NOT converged, iters=17, LB=-3.6641, UB=-3.6561, d_norms=16
2026-07-03 18:01:39,781 [INFO] [1340/1380] Processing config_9_3_1.pkl (i=9, t=3, n=1)
2026-07-03 18:01:39,924 [INFO]   -> NOT converged, iters=13, LB=-3.6411, UB=-3.6300, d_norms=12
2026-07-03 18:01:39,925 [INFO] [1341/1380] Processing config_9_3_2.pkl (i=9, t=3, n=2)
2026-07-03 18:01:40,073 [INFO]   -> NOT converged, iters=13, LB=-3.6214, UB=-3.6132, d_norms=12
2026-07-03 18:01:40,075 [INFO] [1342/1380] Processing config_9_3_3.pkl (i=9, t=3, n=3)
2026-07-03 18:01:40,246 [INFO]   -> NOT converged, iters=17, LB=-3.6727, UB=-3.6611, d_norms=16
2026-07-03 18:01:40,247 [INFO] [1343/1380] Processing config_9_3_4.pkl (i=9, t=3, n=4)
2026-07-03 18:01:40,390 [INFO]   -> NOT converged, iters=13, LB=-3.6186, UB=-3.6045, d_norms=12
2026-07-03 18:01:40,392 [INFO] [1344/1380] Processing config_9_3_5.pkl (i=9, t=3, n=5)
2026-07-03 18:01:40,554 [INFO]   -> NOT converged, iters=14, LB=-3.6172, UB=-3.6046, d_norms=13
2026-07-03 18:01:40,555 [INFO] [1345/1380] Processing config_9_4_0.pkl (i=9, t=4, n=0)
2026-07-03 18:01:40,722 [INFO]   -> NOT converged, iters=16, LB=-3.4239, UB=-3.4095, d_norms=15
2026-07-03 18:01:40,724 [INFO] [1346/1380] Processing config_9_4_1.pkl (i=9, t=4, n=1)
2026-07-03 18:01:40,900 [INFO]   -> NOT converged, iters=16, LB=-3.4527, UB=-3.4473, d_norms=15
2026-07-03 18:01:40,901 [INFO] [1347/1380] Processing config_9_4_2.pkl (i=9, t=4, n=2)
2026-07-03 18:01:41,079 [INFO]   -> NOT converged, iters=16, LB=-3.4597, UB=-3.4523, d_norms=15
2026-07-03 18:01:41,081 [INFO] [1348/1380] Processing config_9_4_3.pkl (i=9, t=4, n=3)
2026-07-03 18:01:41,252 [INFO]   -> NOT converged, iters=15, LB=-3.4667, UB=-3.4500, d_norms=14
2026-07-03 18:01:41,253 [INFO] [1349/1380] Processing config_9_4_4.pkl (i=9, t=4, n=4)
2026-07-03 18:01:41,437 [INFO]   -> NOT converged, iters=17, LB=-3.4316, UB=-3.4239, d_norms=16
2026-07-03 18:01:41,439 [INFO] [1350/1380] Processing config_9_4_5.pkl (i=9, t=4, n=5)
2026-07-03 18:01:41,592 [INFO]   -> NOT converged, iters=14, LB=-3.4516, UB=-3.4401, d_norms=13
2026-07-03 18:01:41,593 [INFO] [1351/1380] Processing config_9_5_0.pkl (i=9, t=5, n=0)
2026-07-03 18:01:41,704 [INFO]   -> NOT converged, iters=7, LB=-3.2703, UB=-3.2703, d_norms=6
2026-07-03 18:01:41,705 [INFO] [1352/1380] Processing config_9_5_1.pkl (i=9, t=5, n=1)
2026-07-03 18:01:41,860 [INFO]   -> NOT converged, iters=13, LB=-3.2599, UB=-3.2567, d_norms=12
2026-07-03 18:01:41,861 [INFO] [1353/1380] Processing config_9_5_2.pkl (i=9, t=5, n=2)
2026-07-03 18:01:41,987 [INFO]   -> NOT converged, iters=11, LB=-3.3006, UB=-3.2985, d_norms=10
2026-07-03 18:01:41,989 [INFO] [1354/1380] Processing config_9_5_3.pkl (i=9, t=5, n=3)
2026-07-03 18:01:42,099 [INFO]   -> NOT converged, iters=7, LB=-3.2708, UB=-3.2708, d_norms=6
2026-07-03 18:01:42,100 [INFO] [1355/1380] Processing config_9_5_4.pkl (i=9, t=5, n=4)
2026-07-03 18:01:42,253 [INFO]   -> NOT converged, iters=13, LB=-3.2507, UB=-3.2474, d_norms=12
2026-07-03 18:01:42,254 [INFO] [1356/1380] Processing config_9_5_5.pkl (i=9, t=5, n=5)
2026-07-03 18:01:42,417 [INFO]   -> NOT converged, iters=15, LB=-3.2748, UB=-3.2721, d_norms=14
2026-07-03 18:01:42,419 [INFO] [1357/1380] Processing config_9_6_0.pkl (i=9, t=6, n=0)
2026-07-03 18:01:42,575 [INFO]   -> NOT converged, iters=12, LB=-3.1093, UB=-3.1056, d_norms=11
2026-07-03 18:01:42,577 [INFO] [1358/1380] Processing config_9_6_1.pkl (i=9, t=6, n=1)
2026-07-03 18:01:42,736 [INFO]   -> NOT converged, iters=11, LB=-3.1249, UB=-3.1123, d_norms=10
2026-07-03 18:01:42,738 [INFO] [1359/1380] Processing config_9_6_2.pkl (i=9, t=6, n=2)
2026-07-03 18:01:42,887 [INFO]   -> NOT converged, iters=13, LB=-3.0843, UB=-3.0798, d_norms=12
2026-07-03 18:01:42,890 [INFO] [1360/1380] Processing config_9_6_3.pkl (i=9, t=6, n=3)
2026-07-03 18:01:43,046 [INFO]   -> NOT converged, iters=14, LB=-3.1222, UB=-3.1202, d_norms=13
2026-07-03 18:01:43,047 [INFO] [1361/1380] Processing config_9_6_4.pkl (i=9, t=6, n=4)
2026-07-03 18:01:43,158 [INFO]   -> NOT converged, iters=7, LB=-3.0905, UB=-3.0905, d_norms=6
2026-07-03 18:01:43,160 [INFO] [1362/1380] Processing config_9_6_5.pkl (i=9, t=6, n=5)
2026-07-03 18:01:43,329 [INFO]   -> NOT converged, iters=15, LB=-3.1083, UB=-3.1045, d_norms=14
2026-07-03 18:01:43,331 [INFO] [1363/1380] Processing config_9_7_0.pkl (i=9, t=7, n=0)
2026-07-03 18:01:43,515 [INFO]   -> NOT converged, iters=16, LB=-2.9580, UB=-2.9477, d_norms=15
2026-07-03 18:01:43,516 [INFO] [1364/1380] Processing config_9_7_1.pkl (i=9, t=7, n=1)
2026-07-03 18:01:43,676 [INFO]   -> NOT converged, iters=14, LB=-2.9348, UB=-2.9280, d_norms=13
2026-07-03 18:01:43,677 [INFO] [1365/1380] Processing config_9_7_2.pkl (i=9, t=7, n=2)
2026-07-03 18:01:43,818 [INFO]   -> NOT converged, iters=13, LB=-2.9610, UB=-2.9582, d_norms=12
2026-07-03 18:01:43,818 [INFO] [1366/1380] Processing config_9_7_3.pkl (i=9, t=7, n=3)
2026-07-03 18:01:43,976 [INFO]   -> NOT converged, iters=13, LB=-2.9574, UB=-2.9502, d_norms=12
2026-07-03 18:01:43,977 [INFO] [1367/1380] Processing config_9_7_4.pkl (i=9, t=7, n=4)
2026-07-03 18:01:44,142 [INFO]   -> NOT converged, iters=14, LB=-2.9338, UB=-2.9285, d_norms=13
2026-07-03 18:01:44,143 [INFO] [1368/1380] Processing config_9_7_5.pkl (i=9, t=7, n=5)
2026-07-03 18:01:44,313 [INFO]   -> NOT converged, iters=13, LB=-2.9577, UB=-2.9468, d_norms=12
2026-07-03 18:01:44,314 [INFO] [1369/1380] Processing config_9_8_0.pkl (i=9, t=8, n=0)
2026-07-03 18:01:44,444 [INFO]   -> NOT converged, iters=11, LB=-2.7572, UB=-2.7563, d_norms=10
2026-07-03 18:01:44,446 [INFO] [1370/1380] Processing config_9_8_1.pkl (i=9, t=8, n=1)
2026-07-03 18:01:44,559 [INFO]   -> NOT converged, iters=7, LB=-2.7801, UB=-2.7801, d_norms=6
2026-07-03 18:01:44,560 [INFO] [1371/1380] Processing config_9_8_2.pkl (i=9, t=8, n=2)
2026-07-03 18:01:44,685 [INFO]   -> NOT converged, iters=9, LB=-2.7719, UB=-2.7630, d_norms=8
2026-07-03 18:01:44,686 [INFO] [1372/1380] Processing config_9_8_3.pkl (i=9, t=8, n=3)
2026-07-03 18:01:44,855 [INFO]   -> NOT converged, iters=16, LB=-2.7777, UB=-2.7732, d_norms=15
2026-07-03 18:01:44,856 [INFO] [1373/1380] Processing config_9_8_4.pkl (i=9, t=8, n=4)
2026-07-03 18:01:44,996 [INFO]   -> NOT converged, iters=12, LB=-2.8109, UB=-2.8060, d_norms=11
2026-07-03 18:01:44,997 [INFO] [1374/1380] Processing config_9_8_5.pkl (i=9, t=8, n=5)
2026-07-03 18:01:45,186 [INFO]   -> NOT converged, iters=15, LB=-2.8023, UB=-2.8019, d_norms=14
2026-07-03 18:01:45,187 [INFO] [1375/1380] Processing config_9_9_0.pkl (i=9, t=9, n=0)
2026-07-03 18:01:45,312 [INFO]   -> NOT converged, iters=11, LB=-2.6468, UB=-2.6423, d_norms=10
2026-07-03 18:01:45,313 [INFO] [1376/1380] Processing config_9_9_1.pkl (i=9, t=9, n=1)
2026-07-03 18:01:45,476 [INFO]   -> NOT converged, iters=13, LB=-2.6195, UB=-2.6179, d_norms=12
2026-07-03 18:01:45,477 [INFO] [1377/1380] Processing config_9_9_2.pkl (i=9, t=9, n=2)
2026-07-03 18:01:45,645 [INFO]   -> NOT converged, iters=15, LB=-2.6131, UB=-2.6112, d_norms=14
2026-07-03 18:01:45,646 [INFO] [1378/1380] Processing config_9_9_3.pkl (i=9, t=9, n=3)
2026-07-03 18:01:45,770 [INFO]   -> NOT converged, iters=11, LB=-2.6388, UB=-2.6378, d_norms=10
2026-07-03 18:01:45,771 [INFO] [1379/1380] Processing config_9_9_4.pkl (i=9, t=9, n=4)
2026-07-03 18:01:45,930 [INFO]   -> NOT converged, iters=15, LB=-2.6252, UB=-2.6237, d_norms=14
2026-07-03 18:01:45,931 [INFO] [1380/1380] Processing config_9_9_5.pkl (i=9, t=9, n=5)
2026-07-03 18:01:46,097 [INFO]   -> NOT converged, iters=15, LB=-2.5809, UB=-2.5789, d_norms=14
2026-07-03 18:01:46,098 [INFO] 
Completed: 1380 configs, 0 failed
2026-07-03 18:01:46,152 [INFO] 
Data saved to D:\tools\workspace_pycharm\SDDiP-RL\bundle_norm_RL\configs\..\script1\increment_stats.npz
